name,sport,organization,nationality,extra_info,source
Carlo Abate,Formula1,F1,Italy,1962–1963,https://en.wikipedia.org/wiki/List_of_Formula_One_drivers
George Abecassis,Formula1,F1,United Kingdom,1951–1952,https://en.wikipedia.org/wiki/List_of_Formula_One_drivers
Kenny Acheson,Formula1,F1,United Kingdom,"1983,1985",https://en.wikipedia.org/wiki/List_of_Formula_One_drivers
Andrea de Adamich,Formula1,F1,Italy,"1968,1970–1973",https://en.wikipedia.org/wiki/List_of_Formula_One_drivers
Philippe Adams,Formula1,F1,Belgium,1994,https://en.wikipedia.org/wiki/List_of_Formula_One_drivers
Walt Ader,Formula1,F1,United States,1950,https://en.wikipedia.org/wiki/List_of_Formula_One_drivers
Kurt Adolff,Formula1,F1,West Germany,1953,https://en.wikipedia.org/wiki/List_of_Formula_One_drivers
Fred Agabashian,Formula1,F1,United States,1950–1957,https://en.wikipedia.org/wiki/List_of_Formula_One_drivers
Kurt Ahrens Jr.,Formula1,F1,West Germany,1966–1969,https://en.wikipedia.org/wiki/List_of_Formula_One_drivers
Jack Aitken,Formula1,F1,United Kingdom,2020,https://en.wikipedia.org/wiki/List_of_Formula_One_drivers
Christijan Albers,Formula1,F1,Netherlands,2005–2007,https://en.wikipedia.org/wiki/List_of_Formula_One_drivers
Alexander Albon*,Formula1,F1,Thailand,"2019–2020,2022–2026",https://en.wikipedia.org/wiki/List_of_Formula_One_drivers
Michele Alboreto,Formula1,F1,Italy,1981–1994,https://en.wikipedia.org/wiki/List_of_Formula_One_drivers
Jean Alesi,Formula1,F1,France,1989–2001,https://en.wikipedia.org/wiki/List_of_Formula_One_drivers
Jaime Alguersuari,Formula1,F1,Spain,2009–2011,https://en.wikipedia.org/wiki/List_of_Formula_One_drivers
Ray Allen,Formula1,F1,United Kingdom,1972,https://en.wikipedia.org/wiki/List_of_Formula_One_drivers
Philippe Alliot,Formula1,F1,France,"1984–1990,1993–1994",https://en.wikipedia.org/wiki/List_of_Formula_One_drivers
Cliff Allison,Formula1,F1,United Kingdom,1958–1961,https://en.wikipedia.org/wiki/List_of_Formula_One_drivers
Fernando Alonso~,Formula1,F1,Spain,"2001,2003–2018,2021–2026",https://en.wikipedia.org/wiki/List_of_Formula_One_drivers
Giovanna Amati,Formula1,F1,Italy,1992,https://en.wikipedia.org/wiki/List_of_Formula_One_drivers
George Amick,Formula1,F1,United States,1958,https://en.wikipedia.org/wiki/List_of_Formula_One_drivers
Red Amick,Formula1,F1,United States,1959–1960,https://en.wikipedia.org/wiki/List_of_Formula_One_drivers
Chris Amon,Formula1,F1,New Zealand,1963–1976,https://en.wikipedia.org/wiki/List_of_Formula_One_drivers
Bob Anderson,Formula1,F1,United Kingdom,1963–1967,https://en.wikipedia.org/wiki/List_of_Formula_One_drivers
Conny Andersson,Formula1,F1,Sweden,1976–1977,https://en.wikipedia.org/wiki/List_of_Formula_One_drivers
Emil Andres,Formula1,F1,United States,1950,https://en.wikipedia.org/wiki/List_of_Formula_One_drivers
Mario Andretti^,Formula1,F1,United States,"1968–1972,1974–1982",https://en.wikipedia.org/wiki/List_of_Formula_One_drivers
Michael Andretti,Formula1,F1,United States,1993,https://en.wikipedia.org/wiki/List_of_Formula_One_drivers
Keith Andrews,Formula1,F1,United States,1955–1956,https://en.wikipedia.org/wiki/List_of_Formula_One_drivers
Elio de Angelis,Formula1,F1,Italy,1979–1986,https://en.wikipedia.org/wiki/List_of_Formula_One_drivers
Kimi Antonelli*,Formula1,F1,Italy,2025–2026,https://en.wikipedia.org/wiki/List_of_Formula_One_drivers
Marco Apicella,Formula1,F1,Italy,1993,https://en.wikipedia.org/wiki/List_of_Formula_One_drivers
Mário de Araújo Cabral,Formula1,F1,Portugal,"1959–1960,1963–1964",https://en.wikipedia.org/wiki/List_of_Formula_One_drivers
Frank Armi,Formula1,F1,United States,1954,https://en.wikipedia.org/wiki/List_of_Formula_One_drivers
Chuck Arnold,Formula1,F1,United States,1959,https://en.wikipedia.org/wiki/List_of_Formula_One_drivers
René Arnoux,Formula1,F1,France,1978–1989,https://en.wikipedia.org/wiki/List_of_Formula_One_drivers
Peter Arundell,Formula1,F1,United Kingdom,"1963–1964,1966",https://en.wikipedia.org/wiki/List_of_Formula_One_drivers
Alberto Ascari^,Formula1,F1,Italy,1950–1955,https://en.wikipedia.org/wiki/List_of_Formula_One_drivers
Peter Ashdown,Formula1,F1,United Kingdom,1959,https://en.wikipedia.org/wiki/List_of_Formula_One_drivers
Ian Ashley,Formula1,F1,United Kingdom,1974–1977,https://en.wikipedia.org/wiki/List_of_Formula_One_drivers
Gerry Ashmore,Formula1,F1,United Kingdom,1961–1962,https://en.wikipedia.org/wiki/List_of_Formula_One_drivers
Bill Aston,Formula1,F1,United Kingdom,1952,https://en.wikipedia.org/wiki/List_of_Formula_One_drivers
Richard Attwood,Formula1,F1,United Kingdom,"1964–1965,1967–1969",https://en.wikipedia.org/wiki/List_of_Formula_One_drivers
Manny Ayulo,Formula1,F1,United States,1951–1954,https://en.wikipedia.org/wiki/List_of_Formula_One_drivers
Luca Badoer,Formula1,F1,Italy,"1993,1995–1996,1999,2009",https://en.wikipedia.org/wiki/List_of_Formula_One_drivers
Giancarlo Baghetti,Formula1,F1,Italy,1961–1967,https://en.wikipedia.org/wiki/List_of_Formula_One_drivers
Julian Bailey,Formula1,F1,United Kingdom,"1988,1991",https://en.wikipedia.org/wiki/List_of_Formula_One_drivers
Mauro Baldi,Formula1,F1,Italy,1982–1985,https://en.wikipedia.org/wiki/List_of_Formula_One_drivers
Bobby Ball,Formula1,F1,United States,1951–1952,https://en.wikipedia.org/wiki/List_of_Formula_One_drivers
Argentinadetails,Formula1,F1,26,1(Fangio[5]),https://en.wikipedia.org/wiki/List_of_Formula_One_drivers
Australiadetails,Formula1,F1,19,"2(Brabham[3],Jones)",https://en.wikipedia.org/wiki/List_of_Formula_One_drivers
Austriadetails,Formula1,F1,16,"2(Rindt,Lauda[3])",https://en.wikipedia.org/wiki/List_of_Formula_One_drivers
Belgiumdetails,Formula1,F1,24,0,https://en.wikipedia.org/wiki/List_of_Formula_One_drivers
Brazildetails,Formula1,F1,33,"3(Fittipaldi[2],Piquet[3],Senna[3])",https://en.wikipedia.org/wiki/List_of_Formula_One_drivers
Canadadetails,Formula1,F1,15,1(J. Villeneuve),https://en.wikipedia.org/wiki/List_of_Formula_One_drivers
Chile,Formula1,F1,1,0,https://en.wikipedia.org/wiki/List_of_Formula_One_drivers
China,Formula1,F1,1,0,https://en.wikipedia.org/wiki/List_of_Formula_One_drivers
Colombiadetails,Formula1,F1,3,0,https://en.wikipedia.org/wiki/List_of_Formula_One_drivers
Czech Republic,Formula1,F1,1,0,https://en.wikipedia.org/wiki/List_of_Formula_One_drivers
Denmarkdetails,Formula1,F1,5,0,https://en.wikipedia.org/wiki/List_of_Formula_One_drivers
East Germanydetails,Formula1,F1,4,0,https://en.wikipedia.org/wiki/List_of_Formula_One_drivers
Finlanddetails,Formula1,F1,9,"3(K. Rosberg,Häkkinen[2],Räikkönen)",https://en.wikipedia.org/wiki/List_of_Formula_One_drivers
Francedetails,Formula1,F1,75,1(Prost[4]),https://en.wikipedia.org/wiki/List_of_Formula_One_drivers
Germany/West Germanydetails,Formula1,F1,54,"3(Michael Schumacher[7],Vettel[4],N. Rosberg)",https://en.wikipedia.org/wiki/List_of_Formula_One_drivers
Hungary,Formula1,F1,1,0,https://en.wikipedia.org/wiki/List_of_Formula_One_drivers
Indiadetails,Formula1,F1,2,0,https://en.wikipedia.org/wiki/List_of_Formula_One_drivers
Indonesia,Formula1,F1,1,0,https://en.wikipedia.org/wiki/List_of_Formula_One_drivers
Irelanddetails,Formula1,F1,5,0,https://en.wikipedia.org/wiki/List_of_Formula_One_drivers
Italydetails,Formula1,F1,100,"2(Farina,Ascari[2])",https://en.wikipedia.org/wiki/List_of_Formula_One_drivers
Japandetails,Formula1,F1,21,0,https://en.wikipedia.org/wiki/List_of_Formula_One_drivers
Liechtenstein,Formula1,F1,1,0,https://en.wikipedia.org/wiki/List_of_Formula_One_drivers
Malaysia,Formula1,F1,1,0,https://en.wikipedia.org/wiki/List_of_Formula_One_drivers
Mexicodetails,Formula1,F1,6,0,https://en.wikipedia.org/wiki/List_of_Formula_One_drivers
Monacodetails,Formula1,F1,5,0,https://en.wikipedia.org/wiki/List_of_Formula_One_drivers
Morocco,Formula1,F1,1,0,https://en.wikipedia.org/wiki/List_of_Formula_One_drivers
Netherlandsdetails,Formula1,F1,17,1(M. Verstappen[4]),https://en.wikipedia.org/wiki/List_of_Formula_One_drivers
New Zealanddetails,Formula1,F1,10,1(Hulme),https://en.wikipedia.org/wiki/List_of_Formula_One_drivers
Poland,Formula1,F1,1,0,https://en.wikipedia.org/wiki/List_of_Formula_One_drivers
Portugaldetails,Formula1,F1,5,0,https://en.wikipedia.org/wiki/List_of_Formula_One_drivers
Rhodesiadetails,Formula1,F1,6,0,https://en.wikipedia.org/wiki/List_of_Formula_One_drivers
Russia/Russian Automobile Federation[z]details,Formula1,F1,4,0,https://en.wikipedia.org/wiki/List_of_Formula_One_drivers
South Africadetails,Formula1,F1,23,1(Scheckter),https://en.wikipedia.org/wiki/List_of_Formula_One_drivers
Spaindetails,Formula1,F1,15,1(Alonso[2]),https://en.wikipedia.org/wiki/List_of_Formula_One_drivers
Swedendetails,Formula1,F1,11,0,https://en.wikipedia.org/wiki/List_of_Formula_One_drivers
Switzerlanddetails,Formula1,F1,29,0,https://en.wikipedia.org/wiki/List_of_Formula_One_drivers
Thailanddetails,Formula1,F1,2,0,https://en.wikipedia.org/wiki/List_of_Formula_One_drivers
United Kingdomdetails,Formula1,F1,164[Al],"11(Hawthorn,G. Hill[2],Clark[2],Surtees,Stewart[3],Hunt,Mansell,D. Hill,Hamilton[7],Button,Norris)",https://en.wikipedia.org/wiki/List_of_Formula_One_drivers
United Statesdetails,Formula1,F1,58 (+102 1950–1960 Indianapolis 500 Only),"2(P. Hill,Andretti)",https://en.wikipedia.org/wiki/List_of_Formula_One_drivers
Uruguaydetails,Formula1,F1,4,0,https://en.wikipedia.org/wiki/List_of_Formula_One_drivers
Venezueladetails,Formula1,F1,3,0,https://en.wikipedia.org/wiki/List_of_Formula_One_drivers
Country,Formula1,F1,Totaldrivers,Champions,https://en.wikipedia.org/wiki/List_of_Formula_One_drivers
1,Soccer,FIFA,Cristiano Ronaldo,Portugal,https://en.wikipedia.org/wiki/List_of_men%27s_footballers_with_50_or_more_international_goals
2,Soccer,FIFA,Lionel Messi,Argentina,https://en.wikipedia.org/wiki/List_of_men%27s_footballers_with_50_or_more_international_goals
3,Soccer,FIFA,Ali Daei,Iran,https://en.wikipedia.org/wiki/List_of_men%27s_footballers_with_50_or_more_international_goals
4,Soccer,FIFA,Sunil Chhetri,India,https://en.wikipedia.org/wiki/List_of_men%27s_footballers_with_50_or_more_international_goals
5,Soccer,FIFA,Romelu Lukaku,Belgium,https://en.wikipedia.org/wiki/List_of_men%27s_footballers_with_50_or_more_international_goals
Mokhtar Dahari,Soccer,FIFA,Malaysia,AFC,https://en.wikipedia.org/wiki/List_of_men%27s_footballers_with_50_or_more_international_goals
Robert Lewandowski,Soccer,FIFA,Poland,UEFA,https://en.wikipedia.org/wiki/List_of_men%27s_footballers_with_50_or_more_international_goals
8,Soccer,FIFA,Ali Mabkhout,United Arab Emirates,https://en.wikipedia.org/wiki/List_of_men%27s_footballers_with_50_or_more_international_goals
9,Soccer,FIFA,Ferenc Puskás,HungarySpain,https://en.wikipedia.org/wiki/List_of_men%27s_footballers_with_50_or_more_international_goals
10,Soccer,FIFA,Godfrey Chitalu,Zambia,https://en.wikipedia.org/wiki/List_of_men%27s_footballers_with_50_or_more_international_goals
Neymar,Soccer,FIFA,Brazil,CONMEBOL,https://en.wikipedia.org/wiki/List_of_men%27s_footballers_with_50_or_more_international_goals
12,Soccer,FIFA,Harry Kane,England,https://en.wikipedia.org/wiki/List_of_men%27s_footballers_with_50_or_more_international_goals
Hussein Saeed,Soccer,FIFA,Iraq,AFC,https://en.wikipedia.org/wiki/List_of_men%27s_footballers_with_50_or_more_international_goals
14,Soccer,FIFA,Pelé,Brazil,https://en.wikipedia.org/wiki/List_of_men%27s_footballers_with_50_or_more_international_goals
15,Soccer,FIFA,Vivian Woodward[E],EnglandEngland amateurs,https://en.wikipedia.org/wiki/List_of_men%27s_footballers_with_50_or_more_international_goals
Sándor Kocsis,Soccer,FIFA,Hungary,UEFA,https://en.wikipedia.org/wiki/List_of_men%27s_footballers_with_50_or_more_international_goals
Kunishige Kamamoto,Soccer,FIFA,Japan,AFC,https://en.wikipedia.org/wiki/List_of_men%27s_footballers_with_50_or_more_international_goals
Bashar Abdullah,Soccer,FIFA,Kuwait,AFC,https://en.wikipedia.org/wiki/List_of_men%27s_footballers_with_50_or_more_international_goals
19,Soccer,FIFA,Edin Džeko,Bosnia and Herzegovina,https://en.wikipedia.org/wiki/List_of_men%27s_footballers_with_50_or_more_international_goals
20,Soccer,FIFA,Majed Abdullah,Saudi Arabia,https://en.wikipedia.org/wiki/List_of_men%27s_footballers_with_50_or_more_international_goals
21,Soccer,FIFA,Kinnah Phiri,Malawi,https://en.wikipedia.org/wiki/List_of_men%27s_footballers_with_50_or_more_international_goals
Kiatisuk Senamuang,Soccer,FIFA,Thailand,AFC,https://en.wikipedia.org/wiki/List_of_men%27s_footballers_with_50_or_more_international_goals
Miroslav Klose,Soccer,FIFA,Germany,UEFA,https://en.wikipedia.org/wiki/List_of_men%27s_footballers_with_50_or_more_international_goals
24,Soccer,FIFA,Piyapong Pue-On,Thailand,https://en.wikipedia.org/wiki/List_of_men%27s_footballers_with_50_or_more_international_goals
Abdul Kadir,Soccer,FIFA,Indonesia,AFC,https://en.wikipedia.org/wiki/List_of_men%27s_footballers_with_50_or_more_international_goals
Stern John,Soccer,FIFA,Trinidad And Tobago,CONCACAF,https://en.wikipedia.org/wiki/List_of_men%27s_footballers_with_50_or_more_international_goals
27,Soccer,FIFA,Luis Suárez,Uruguay,https://en.wikipedia.org/wiki/List_of_men%27s_footballers_with_50_or_more_international_goals
Hossam Hassan,Soccer,FIFA,Egypt,CAF,https://en.wikipedia.org/wiki/List_of_men%27s_footballers_with_50_or_more_international_goals
29,Soccer,FIFA,Gerd Müller,West Germany,https://en.wikipedia.org/wiki/List_of_men%27s_footballers_with_50_or_more_international_goals
Carlos Ruiz,Soccer,FIFA,Guatemala,CONCACAF,https://en.wikipedia.org/wiki/List_of_men%27s_footballers_with_50_or_more_international_goals
Robbie Keane,Soccer,FIFA,Republic Of Ireland,UEFA,https://en.wikipedia.org/wiki/List_of_men%27s_footballers_with_50_or_more_international_goals
32,Soccer,FIFA,Mohamed Salah,Egypt,https://en.wikipedia.org/wiki/List_of_men%27s_footballers_with_50_or_more_international_goals
33,Soccer,FIFA,Didier Drogba,Ivory Coast,https://en.wikipedia.org/wiki/List_of_men%27s_footballers_with_50_or_more_international_goals
34,Soccer,FIFA,Aleksandar Mitrović,Serbia,https://en.wikipedia.org/wiki/List_of_men%27s_footballers_with_50_or_more_international_goals
Teerasil Dangda,Soccer,FIFA,Thailand,AFC,https://en.wikipedia.org/wiki/List_of_men%27s_footballers_with_50_or_more_international_goals
36,Soccer,FIFA,Jasem Al-Huwaidi,Kuwait,https://en.wikipedia.org/wiki/List_of_men%27s_footballers_with_50_or_more_international_goals
37,Soccer,FIFA,Ronaldo,Brazil,https://en.wikipedia.org/wiki/List_of_men%27s_footballers_with_50_or_more_international_goals
Ahmed Radhi,Soccer,FIFA,Iraq,AFC,https://en.wikipedia.org/wiki/List_of_men%27s_footballers_with_50_or_more_international_goals
Zlatan Ibrahimović,Soccer,FIFA,Sweden,UEFA,https://en.wikipedia.org/wiki/List_of_men%27s_footballers_with_50_or_more_international_goals
40,Soccer,FIFA,Abdul Ghani Minhat,MalayaMalaysia,https://en.wikipedia.org/wiki/List_of_men%27s_footballers_with_50_or_more_international_goals
41,Soccer,FIFA,Almoez Ali,Qatar,https://en.wikipedia.org/wiki/List_of_men%27s_footballers_with_50_or_more_international_goals
42,Soccer,FIFA,Imre Schlosser,Hungary,https://en.wikipedia.org/wiki/List_of_men%27s_footballers_with_50_or_more_international_goals
David Villa,Soccer,FIFA,Spain,UEFA,https://en.wikipedia.org/wiki/List_of_men%27s_footballers_with_50_or_more_international_goals
Mehdi Taremi,Soccer,FIFA,Iran,AFC,https://en.wikipedia.org/wiki/List_of_men%27s_footballers_with_50_or_more_international_goals
45,Soccer,FIFA,Ali Ashfaq,Maldives,https://en.wikipedia.org/wiki/List_of_men%27s_footballers_with_50_or_more_international_goals
Yousef Nasser,Soccer,FIFA,Kuwait,AFC,https://en.wikipedia.org/wiki/List_of_men%27s_footballers_with_50_or_more_international_goals
Cha Bum-kun,Soccer,FIFA,South Korea,AFC,https://en.wikipedia.org/wiki/List_of_men%27s_footballers_with_50_or_more_international_goals
Edinson Cavani,Soccer,FIFA,Uruguay,CONMEBOL,https://en.wikipedia.org/wiki/List_of_men%27s_footballers_with_50_or_more_international_goals
49,Soccer,FIFA,Sardar Azmoun,Iran,https://en.wikipedia.org/wiki/List_of_men%27s_footballers_with_50_or_more_international_goals
Hungary,Soccer,FIFA,Uefa,,https://en.wikipedia.org/wiki/List_of_men%27s_footballers_with_50_or_more_international_goals
Iran,Soccer,FIFA,Afc,,https://en.wikipedia.org/wiki/List_of_men%27s_footballers_with_50_or_more_international_goals
Kuwait,Soccer,FIFA,Afc,,https://en.wikipedia.org/wiki/List_of_men%27s_footballers_with_50_or_more_international_goals
France,Soccer,FIFA,Uefa,,https://en.wikipedia.org/wiki/List_of_men%27s_footballers_with_50_or_more_international_goals
Iraq,Soccer,FIFA,Afc,,https://en.wikipedia.org/wiki/List_of_men%27s_footballers_with_50_or_more_international_goals
Japan,Soccer,FIFA,Afc,,https://en.wikipedia.org/wiki/List_of_men%27s_footballers_with_50_or_more_international_goals
MalaysiaMalaya[l],Soccer,FIFA,Afc,,https://en.wikipedia.org/wiki/List_of_men%27s_footballers_with_50_or_more_international_goals
South Korea,Soccer,FIFA,Afc,,https://en.wikipedia.org/wiki/List_of_men%27s_footballers_with_50_or_more_international_goals
Thailand,Soccer,FIFA,Afc,,https://en.wikipedia.org/wiki/List_of_men%27s_footballers_with_50_or_more_international_goals
Denmark,Soccer,FIFA,Uefa,,https://en.wikipedia.org/wiki/List_of_men%27s_footballers_with_50_or_more_international_goals
Egypt,Soccer,FIFA,Caf,,https://en.wikipedia.org/wiki/List_of_men%27s_footballers_with_50_or_more_international_goals
GermanyWest Germany,Soccer,FIFA,Uefa,,https://en.wikipedia.org/wiki/List_of_men%27s_footballers_with_50_or_more_international_goals
Indonesia,Soccer,FIFA,Afc,,https://en.wikipedia.org/wiki/List_of_men%27s_footballers_with_50_or_more_international_goals
Netherlands,Soccer,FIFA,Uefa,,https://en.wikipedia.org/wiki/List_of_men%27s_footballers_with_50_or_more_international_goals
United Arab Emirates,Soccer,FIFA,Afc,,https://en.wikipedia.org/wiki/List_of_men%27s_footballers_with_50_or_more_international_goals
United States,Soccer,FIFA,Concacaf,,https://en.wikipedia.org/wiki/List_of_men%27s_footballers_with_50_or_more_international_goals
Uruguay,Soccer,FIFA,Conmebol,,https://en.wikipedia.org/wiki/List_of_men%27s_footballers_with_50_or_more_international_goals
Belgium,Soccer,FIFA,Uefa,,https://en.wikipedia.org/wiki/List_of_men%27s_footballers_with_50_or_more_international_goals
Bosnia and Herzegovina,Soccer,FIFA,Uefa,,https://en.wikipedia.org/wiki/List_of_men%27s_footballers_with_50_or_more_international_goals
Cameroon,Soccer,FIFA,Caf,,https://en.wikipedia.org/wiki/List_of_men%27s_footballers_with_50_or_more_international_goals
Chile,Soccer,FIFA,Conmebol,,https://en.wikipedia.org/wiki/List_of_men%27s_footballers_with_50_or_more_international_goals
Czech Republic,Soccer,FIFA,Uefa,,https://en.wikipedia.org/wiki/List_of_men%27s_footballers_with_50_or_more_international_goals
East Germany,Soccer,FIFA,Uefa,,https://en.wikipedia.org/wiki/List_of_men%27s_footballers_with_50_or_more_international_goals
Ghana,Soccer,FIFA,Caf,,https://en.wikipedia.org/wiki/List_of_men%27s_footballers_with_50_or_more_international_goals
Guatemala,Soccer,FIFA,Concacaf,,https://en.wikipedia.org/wiki/List_of_men%27s_footballers_with_50_or_more_international_goals
Honduras,Soccer,FIFA,Concacaf,,https://en.wikipedia.org/wiki/List_of_men%27s_footballers_with_50_or_more_international_goals
India,Soccer,FIFA,Afc,,https://en.wikipedia.org/wiki/List_of_men%27s_footballers_with_50_or_more_international_goals
Ivory Coast,Soccer,FIFA,Caf,,https://en.wikipedia.org/wiki/List_of_men%27s_footballers_with_50_or_more_international_goals
Malawi,Soccer,FIFA,Caf,,https://en.wikipedia.org/wiki/List_of_men%27s_footballers_with_50_or_more_international_goals
Maldives,Soccer,FIFA,Afc,,https://en.wikipedia.org/wiki/List_of_men%27s_footballers_with_50_or_more_international_goals
Mexico,Soccer,FIFA,Concacaf,,https://en.wikipedia.org/wiki/List_of_men%27s_footballers_with_50_or_more_international_goals
Norway,Soccer,FIFA,Uefa,,https://en.wikipedia.org/wiki/List_of_men%27s_footballers_with_50_or_more_international_goals
Philippines,Soccer,FIFA,Afc,,https://en.wikipedia.org/wiki/List_of_men%27s_footballers_with_50_or_more_international_goals
Poland,Soccer,FIFA,Uefa,,https://en.wikipedia.org/wiki/List_of_men%27s_footballers_with_50_or_more_international_goals
Portugal,Soccer,FIFA,Uefa,,https://en.wikipedia.org/wiki/List_of_men%27s_footballers_with_50_or_more_international_goals
Qatar,Soccer,FIFA,Afc,,https://en.wikipedia.org/wiki/List_of_men%27s_footballers_with_50_or_more_international_goals
Republic of Ireland,Soccer,FIFA,Uefa,,https://en.wikipedia.org/wiki/List_of_men%27s_footballers_with_50_or_more_international_goals
Saudi Arabia,Soccer,FIFA,Afc,,https://en.wikipedia.org/wiki/List_of_men%27s_footballers_with_50_or_more_international_goals
Senegal,Soccer,FIFA,Caf,,https://en.wikipedia.org/wiki/List_of_men%27s_footballers_with_50_or_more_international_goals
Serbia,Soccer,FIFA,Uefa,,https://en.wikipedia.org/wiki/List_of_men%27s_footballers_with_50_or_more_international_goals
Singapore,Soccer,FIFA,Afc,,https://en.wikipedia.org/wiki/List_of_men%27s_footballers_with_50_or_more_international_goals
Spain[m],Soccer,FIFA,Uefa,,https://en.wikipedia.org/wiki/List_of_men%27s_footballers_with_50_or_more_international_goals
Sweden,Soccer,FIFA,Uefa,,https://en.wikipedia.org/wiki/List_of_men%27s_footballers_with_50_or_more_international_goals
Trinidad and Tobago,Soccer,FIFA,Concacaf,,https://en.wikipedia.org/wiki/List_of_men%27s_footballers_with_50_or_more_international_goals
Turkey,Soccer,FIFA,Uefa,,https://en.wikipedia.org/wiki/List_of_men%27s_footballers_with_50_or_more_international_goals
AFC,Soccer,FIFA,17,35,https://en.wikipedia.org/wiki/List_of_men%27s_footballers_with_50_or_more_international_goals
UEFA,Soccer,FIFA,18,28,https://en.wikipedia.org/wiki/List_of_men%27s_footballers_with_50_or_more_international_goals
CONMEBOL,Soccer,FIFA,5,10,https://en.wikipedia.org/wiki/List_of_men%27s_footballers_with_50_or_more_international_goals
CAF,Soccer,FIFA,7,8,https://en.wikipedia.org/wiki/List_of_men%27s_footballers_with_50_or_more_international_goals
CONCACAF,Soccer,FIFA,5,6,https://en.wikipedia.org/wiki/List_of_men%27s_footballers_with_50_or_more_international_goals
OFC[j],Soccer,FIFA,0,0,https://en.wikipedia.org/wiki/List_of_men%27s_footballers_with_50_or_more_international_goals
Total,Soccer,FIFA,52,87,https://en.wikipedia.org/wiki/List_of_men%27s_footballers_with_50_or_more_international_goals
italic,Tennis,ATP,Open Only To Specific French Club Members. Seewhcc.[A](1891–1924 French Titles Are Not Counted Toward Major Totals),,https://en.wikipedia.org/wiki/List_of_Grand_Slam_men%27s_singles_champions
bold outline,Tennis,ATP,Player Won The Grand Slam (Four Major Tournaments In The Same Year).,,https://en.wikipedia.org/wiki/List_of_Grand_Slam_men%27s_singles_champions
§,Tennis,ATP,Tournament Change Of Surface.,,https://en.wikipedia.org/wiki/List_of_Grand_Slam_men%27s_singles_champions
"Challenge-roundformat: Wimbledon 1878–1921, US 1884–1911.",Tennis,ATP,,,https://en.wikipedia.org/wiki/List_of_Grand_Slam_men%27s_singles_champions
AU,Tennis,ATP,Grass (1905–1987)Hard (1988–Present),,https://en.wikipedia.org/wiki/List_of_Grand_Slam_men%27s_singles_champions
FR,Tennis,ATP,Grass (1891)Sand (1892–1907)Clay (1908–Present),,https://en.wikipedia.org/wiki/List_of_Grand_Slam_men%27s_singles_champions
WB,Tennis,ATP,Grass,,https://en.wikipedia.org/wiki/List_of_Grand_Slam_men%27s_singles_champions
US,Tennis,ATP,Grass (1881–1974)Clay (1975–1977)Hard (1978–Present),,https://en.wikipedia.org/wiki/List_of_Grand_Slam_men%27s_singles_champions
Flag icon key,Tennis,ATP,,,https://en.wikipedia.org/wiki/List_of_Grand_Slam_men%27s_singles_champions
List of national flags,Tennis,ATP,,,https://en.wikipedia.org/wiki/List_of_Grand_Slam_men%27s_singles_champions
1877,Tennis,ATP,Started In 1905,Started in 1891,https://en.wikipedia.org/wiki/List_of_Grand_Slam_men%27s_singles_champions
1878,Tennis,ATP,Tournament Not Created,Tournament not created,https://en.wikipedia.org/wiki/List_of_Grand_Slam_men%27s_singles_champions
1879,Tennis,ATP,John Hartley(1/2),,https://en.wikipedia.org/wiki/List_of_Grand_Slam_men%27s_singles_champions
1880,Tennis,ATP,John Hartley(2/2),,https://en.wikipedia.org/wiki/List_of_Grand_Slam_men%27s_singles_champions
1881,Tennis,ATP,William Renshaw(1/7),Richard Sears(1/7),https://en.wikipedia.org/wiki/List_of_Grand_Slam_men%27s_singles_champions
1882,Tennis,ATP,William Renshaw(2/7),Richard Sears(2/7),https://en.wikipedia.org/wiki/List_of_Grand_Slam_men%27s_singles_champions
1883,Tennis,ATP,William Renshaw(3/7),Richard Sears(3/7),https://en.wikipedia.org/wiki/List_of_Grand_Slam_men%27s_singles_champions
1884,Tennis,ATP,William Renshaw(4/7),Richard Sears(4/7)[c],https://en.wikipedia.org/wiki/List_of_Grand_Slam_men%27s_singles_champions
1885,Tennis,ATP,William Renshaw(5/7),Richard Sears(5/7),https://en.wikipedia.org/wiki/List_of_Grand_Slam_men%27s_singles_champions
1886,Tennis,ATP,William Renshaw(6/7),Richard Sears(6/7),https://en.wikipedia.org/wiki/List_of_Grand_Slam_men%27s_singles_champions
1887,Tennis,ATP,Herbert Lawford(1/1),Richard Sears(7/7),https://en.wikipedia.org/wiki/List_of_Grand_Slam_men%27s_singles_champions
1888,Tennis,ATP,Ernest Renshaw(1/1),Henry Slocum(1/2),https://en.wikipedia.org/wiki/List_of_Grand_Slam_men%27s_singles_champions
1889,Tennis,ATP,William Renshaw(7/7),Henry Slocum(2/2),https://en.wikipedia.org/wiki/List_of_Grand_Slam_men%27s_singles_champions
1890,Tennis,ATP,Willoughby Hamilton(1/1),Oliver Campbell(1/3),https://en.wikipedia.org/wiki/List_of_Grand_Slam_men%27s_singles_champions
1891,Tennis,ATP,H. Briggs[D][A],Wilfred Baddeley(1/3),https://en.wikipedia.org/wiki/List_of_Grand_Slam_men%27s_singles_champions
1892,Tennis,ATP,Jean Schopfer§,Wilfred Baddeley(2/3),https://en.wikipedia.org/wiki/List_of_Grand_Slam_men%27s_singles_champions
1893,Tennis,ATP,Laurent Riboulet,Joshua Pim(1/2),https://en.wikipedia.org/wiki/List_of_Grand_Slam_men%27s_singles_champions
1894,Tennis,ATP,André Vacherot,Joshua Pim(2/2),https://en.wikipedia.org/wiki/List_of_Grand_Slam_men%27s_singles_champions
1895,Tennis,ATP,André Vacherot,Wilfred Baddeley(3/3),https://en.wikipedia.org/wiki/List_of_Grand_Slam_men%27s_singles_champions
1896,Tennis,ATP,André Vacherot,Harold Mahony(1/1),https://en.wikipedia.org/wiki/List_of_Grand_Slam_men%27s_singles_champions
1897,Tennis,ATP,Paul Aymé,Reginald Doherty(1/4),https://en.wikipedia.org/wiki/List_of_Grand_Slam_men%27s_singles_champions
1898,Tennis,ATP,Paul Aymé,Reginald Doherty(2/4),https://en.wikipedia.org/wiki/List_of_Grand_Slam_men%27s_singles_champions
1899,Tennis,ATP,Paul Aymé,Reginald Doherty(3/4),https://en.wikipedia.org/wiki/List_of_Grand_Slam_men%27s_singles_champions
1900,Tennis,ATP,Paul Aymé,Reginald Doherty(4/4),https://en.wikipedia.org/wiki/List_of_Grand_Slam_men%27s_singles_champions
1901,Tennis,ATP,André Vacherot,Arthur Gore(1/3),https://en.wikipedia.org/wiki/List_of_Grand_Slam_men%27s_singles_champions
1902,Tennis,ATP,Michel Vacherot,Laurence Doherty(1/6),https://en.wikipedia.org/wiki/List_of_Grand_Slam_men%27s_singles_champions
1903,Tennis,ATP,Max Decugis,Laurence Doherty(2/6),https://en.wikipedia.org/wiki/List_of_Grand_Slam_men%27s_singles_champions
1904,Tennis,ATP,Max Decugis,Laurence Doherty(4/6),https://en.wikipedia.org/wiki/List_of_Grand_Slam_men%27s_singles_champions
1905,Tennis,ATP,Rodney Heath(1/2),Maurice Germot,https://en.wikipedia.org/wiki/List_of_Grand_Slam_men%27s_singles_champions
1906,Tennis,ATP,Anthony Wilding(1/6),Maurice Germot,https://en.wikipedia.org/wiki/List_of_Grand_Slam_men%27s_singles_champions
1907,Tennis,ATP,Horace Rice(1/1),Max Decugis,https://en.wikipedia.org/wiki/List_of_Grand_Slam_men%27s_singles_champions
1908,Tennis,ATP,Fred Alexander(1/1),Max Decugis§,https://en.wikipedia.org/wiki/List_of_Grand_Slam_men%27s_singles_champions
1909,Tennis,ATP,Anthony Wilding(2/6),Max Decugis,https://en.wikipedia.org/wiki/List_of_Grand_Slam_men%27s_singles_champions
1910,Tennis,ATP,Rodney Heath(2/2),Maurice Germot,https://en.wikipedia.org/wiki/List_of_Grand_Slam_men%27s_singles_champions
1911,Tennis,ATP,Norman Brookes(2/3),André Gobert,https://en.wikipedia.org/wiki/List_of_Grand_Slam_men%27s_singles_champions
1912,Tennis,ATP,James Cecil Parke(1/1),Max Decugis,https://en.wikipedia.org/wiki/List_of_Grand_Slam_men%27s_singles_champions
1913,Tennis,ATP,Ernie Parker(1/1),Max Decugis,https://en.wikipedia.org/wiki/List_of_Grand_Slam_men%27s_singles_champions
1914,Tennis,ATP,Arthur O'Hara Wood(1/1),Max Decugis,https://en.wikipedia.org/wiki/List_of_Grand_Slam_men%27s_singles_champions
1915,Tennis,ATP,Gordon Lowe(1/1),World War I,https://en.wikipedia.org/wiki/List_of_Grand_Slam_men%27s_singles_champions
1916,Tennis,ATP,World War I,R. Norris Williams(2/2),https://en.wikipedia.org/wiki/List_of_Grand_Slam_men%27s_singles_champions
1917,Tennis,ATP,Robert Lindley Murray(1/2),,https://en.wikipedia.org/wiki/List_of_Grand_Slam_men%27s_singles_champions
1918,Tennis,ATP,Robert Lindley Murray(2/2),,https://en.wikipedia.org/wiki/List_of_Grand_Slam_men%27s_singles_champions
1919,Tennis,ATP,Algernon Kingscote(1/1)[E],Gerald Patterson(1/3),https://en.wikipedia.org/wiki/List_of_Grand_Slam_men%27s_singles_champions
1920,Tennis,ATP,Pat O'Hara Wood(1/2),André Gobert,https://en.wikipedia.org/wiki/List_of_Grand_Slam_men%27s_singles_champions
1921,Tennis,ATP,Rhys Gemmell(1/1),Jean Samazeuilh,https://en.wikipedia.org/wiki/List_of_Grand_Slam_men%27s_singles_champions
1922,Tennis,ATP,James Anderson(1/3),Henri Cochet,https://en.wikipedia.org/wiki/List_of_Grand_Slam_men%27s_singles_champions
1923,Tennis,ATP,Pat O'Hara Wood(2/2)[F],François Blanchy,https://en.wikipedia.org/wiki/List_of_Grand_Slam_men%27s_singles_champions
1924,Tennis,ATP,James Anderson(2/3),Jean Borotra,https://en.wikipedia.org/wiki/List_of_Grand_Slam_men%27s_singles_champions
1925,Tennis,ATP,James Anderson(3/3),René Lacoste(1/7)[g][a],https://en.wikipedia.org/wiki/List_of_Grand_Slam_men%27s_singles_champions
24,Tennis,ATP,Novak Djokovic,10,https://en.wikipedia.org/wiki/List_of_Grand_Slam_men%27s_singles_champions
22,Tennis,ATP,Rafael Nadal,2,https://en.wikipedia.org/wiki/List_of_Grand_Slam_men%27s_singles_champions
20,Tennis,ATP,Roger Federer,6,https://en.wikipedia.org/wiki/List_of_Grand_Slam_men%27s_singles_champions
14,Tennis,ATP,Pete Sampras,2,https://en.wikipedia.org/wiki/List_of_Grand_Slam_men%27s_singles_champions
12,Tennis,ATP,Roy Emerson,6,https://en.wikipedia.org/wiki/List_of_Grand_Slam_men%27s_singles_champions
11,Tennis,ATP,Rod Laver,3,https://en.wikipedia.org/wiki/List_of_Grand_Slam_men%27s_singles_champions
Björn Borg,Tennis,ATP,0,6,https://en.wikipedia.org/wiki/List_of_Grand_Slam_men%27s_singles_champions
10,Tennis,ATP,Bill Tilden,0,https://en.wikipedia.org/wiki/List_of_Grand_Slam_men%27s_singles_champions
8,Tennis,ATP,Fred Perry,1,https://en.wikipedia.org/wiki/List_of_Grand_Slam_men%27s_singles_champions
Ken Rosewall,Tennis,ATP,4,2,https://en.wikipedia.org/wiki/List_of_Grand_Slam_men%27s_singles_champions
Jimmy Connors,Tennis,ATP,1,0,https://en.wikipedia.org/wiki/List_of_Grand_Slam_men%27s_singles_champions
Ivan Lendl,Tennis,ATP,2,3,https://en.wikipedia.org/wiki/List_of_Grand_Slam_men%27s_singles_champions
Andre Agassi,Tennis,ATP,4,1,https://en.wikipedia.org/wiki/List_of_Grand_Slam_men%27s_singles_champions
Top 10,Tennis,ATP,,,https://en.wikipedia.org/wiki/List_of_Grand_Slam_men%27s_singles_champions
Don Budge,Tennis,ATP,1938G,1938C,https://en.wikipedia.org/wiki/List_of_Grand_Slam_men%27s_singles_champions
Rod Laver,Tennis,ATP,1962G,1962C,https://en.wikipedia.org/wiki/List_of_Grand_Slam_men%27s_singles_champions
Rod Laver(2),Tennis,ATP,1969G,1969C,https://en.wikipedia.org/wiki/List_of_Grand_Slam_men%27s_singles_champions
Novak Djokovic,Tennis,ATP,2016H,2016C,https://en.wikipedia.org/wiki/List_of_Grand_Slam_men%27s_singles_champions
Fred Perry,Tennis,ATP,1934G,1935C,https://en.wikipedia.org/wiki/List_of_Grand_Slam_men%27s_singles_champions
Roy Emerson,Tennis,ATP,1961G,1963C,https://en.wikipedia.org/wiki/List_of_Grand_Slam_men%27s_singles_champions
Roy Emerson(2),Tennis,ATP,1963G,1967C,https://en.wikipedia.org/wiki/List_of_Grand_Slam_men%27s_singles_champions
Roger Federer,Tennis,ATP,2004H,2009C,https://en.wikipedia.org/wiki/List_of_Grand_Slam_men%27s_singles_champions
Rafael Nadal,Tennis,ATP,2009H,2005C,https://en.wikipedia.org/wiki/List_of_Grand_Slam_men%27s_singles_champions
Novak Djokovic(2),Tennis,ATP,2011H,2021C,https://en.wikipedia.org/wiki/List_of_Grand_Slam_men%27s_singles_champions
Rafael Nadal(2),Tennis,ATP,2022H,2006C,https://en.wikipedia.org/wiki/List_of_Grand_Slam_men%27s_singles_champions
Novak Djokovic(3),Tennis,ATP,2012H,2023C,https://en.wikipedia.org/wiki/List_of_Grand_Slam_men%27s_singles_champions
Carlos Alcaraz,Tennis,ATP,2026H,2024C,https://en.wikipedia.org/wiki/List_of_Grand_Slam_men%27s_singles_champions
Mats Wilander,Tennis,ATP,1982 French Open,1988 Australian Open,https://en.wikipedia.org/wiki/List_of_Grand_Slam_men%27s_singles_champions
Mats Wilander(2),Tennis,ATP,1985 French Open,1988 US Open,https://en.wikipedia.org/wiki/List_of_Grand_Slam_men%27s_singles_champions
Carlos Alcaraz(2),Tennis,ATP,2025 French Open,2025 US Open,https://en.wikipedia.org/wiki/List_of_Grand_Slam_men%27s_singles_champions
1933,Tennis,ATP,Jack Crawford,,https://en.wikipedia.org/wiki/List_of_Grand_Slam_men%27s_singles_champions
1938♠,Tennis,ATP,Don Budge,,https://en.wikipedia.org/wiki/List_of_Grand_Slam_men%27s_singles_champions
1956,Tennis,ATP,Lew Hoad,,https://en.wikipedia.org/wiki/List_of_Grand_Slam_men%27s_singles_champions
1962♠,Tennis,ATP,Rod Laver,,https://en.wikipedia.org/wiki/List_of_Grand_Slam_men%27s_singles_champions
Open Era,Tennis,ATP,,,https://en.wikipedia.org/wiki/List_of_Grand_Slam_men%27s_singles_champions
1969♠,Tennis,ATP,Rod Laver,,https://en.wikipedia.org/wiki/List_of_Grand_Slam_men%27s_singles_champions
2021★,Tennis,ATP,Novak Djokovic,,https://en.wikipedia.org/wiki/List_of_Grand_Slam_men%27s_singles_champions
1988,Tennis,ATP,Mats Wilander,,https://en.wikipedia.org/wiki/List_of_Grand_Slam_men%27s_singles_champions
2023,Tennis,ATP,Novak Djokovic,,https://en.wikipedia.org/wiki/List_of_Grand_Slam_men%27s_singles_champions
1934,Tennis,ATP,Fred Perry,,https://en.wikipedia.org/wiki/List_of_Grand_Slam_men%27s_singles_champions
1958,Tennis,ATP,Ashley Cooper,,https://en.wikipedia.org/wiki/List_of_Grand_Slam_men%27s_singles_champions
1964,Tennis,ATP,Roy Emerson,,https://en.wikipedia.org/wiki/List_of_Grand_Slam_men%27s_singles_champions
1974,Tennis,ATP,Jimmy Connors,,https://en.wikipedia.org/wiki/List_of_Grand_Slam_men%27s_singles_champions
2004,Tennis,ATP,Roger Federer,,https://en.wikipedia.org/wiki/List_of_Grand_Slam_men%27s_singles_champions
2006,Tennis,ATP,,,https://en.wikipedia.org/wiki/List_of_Grand_Slam_men%27s_singles_champions
2007,Tennis,ATP,,,https://en.wikipedia.org/wiki/List_of_Grand_Slam_men%27s_singles_champions
2011,Tennis,ATP,Novak Djokovic,,https://en.wikipedia.org/wiki/List_of_Grand_Slam_men%27s_singles_champions
2015,Tennis,ATP,,,https://en.wikipedia.org/wiki/List_of_Grand_Slam_men%27s_singles_champions
1955,Tennis,ATP,Tony Trabert,,https://en.wikipedia.org/wiki/List_of_Grand_Slam_men%27s_singles_champions
2010★,Tennis,ATP,Rafael Nadal,,https://en.wikipedia.org/wiki/List_of_Grand_Slam_men%27s_singles_champions
1933●,Tennis,ATP,Jack Crawford,,https://en.wikipedia.org/wiki/List_of_Grand_Slam_men%27s_singles_champions
1953,Tennis,ATP,Ken Rosewall,,https://en.wikipedia.org/wiki/List_of_Grand_Slam_men%27s_singles_champions
1956●,Tennis,ATP,Lew Hoad,,https://en.wikipedia.org/wiki/List_of_Grand_Slam_men%27s_singles_champions
1963,Tennis,ATP,Roy Emerson,,https://en.wikipedia.org/wiki/List_of_Grand_Slam_men%27s_singles_champions
1964●,Tennis,ATP,,,https://en.wikipedia.org/wiki/List_of_Grand_Slam_men%27s_singles_champions
1967,Tennis,ATP,,,https://en.wikipedia.org/wiki/List_of_Grand_Slam_men%27s_singles_champions
1988●,Tennis,ATP,Mats Wilander,,https://en.wikipedia.org/wiki/List_of_Grand_Slam_men%27s_singles_champions
1992,Tennis,ATP,Jim Courier,,https://en.wikipedia.org/wiki/List_of_Grand_Slam_men%27s_singles_champions
2016,Tennis,ATP,Novak Djokovic,,https://en.wikipedia.org/wiki/List_of_Grand_Slam_men%27s_singles_champions
2021●,Tennis,ATP,,,https://en.wikipedia.org/wiki/List_of_Grand_Slam_men%27s_singles_champions
2022,Tennis,ATP,Rafael Nadal,,https://en.wikipedia.org/wiki/List_of_Grand_Slam_men%27s_singles_champions
2023●,Tennis,ATP,Novak Djokovic,,https://en.wikipedia.org/wiki/List_of_Grand_Slam_men%27s_singles_champions
1934●,Tennis,ATP,Fred Perry,,https://en.wikipedia.org/wiki/List_of_Grand_Slam_men%27s_singles_champions
1951,Tennis,ATP,Dick Savitt,,https://en.wikipedia.org/wiki/List_of_Grand_Slam_men%27s_singles_champions
1958●,Tennis,ATP,Ashley Cooper,,https://en.wikipedia.org/wiki/List_of_Grand_Slam_men%27s_singles_champions
1959,Tennis,ATP,Alex Olmedo,,https://en.wikipedia.org/wiki/List_of_Grand_Slam_men%27s_singles_champions
1965,Tennis,ATP,Roy Emerson,,https://en.wikipedia.org/wiki/List_of_Grand_Slam_men%27s_singles_champions
1974●,Tennis,ATP,Jimmy Connors,,https://en.wikipedia.org/wiki/List_of_Grand_Slam_men%27s_singles_champions
1994,Tennis,ATP,Pete Sampras,,https://en.wikipedia.org/wiki/List_of_Grand_Slam_men%27s_singles_champions
1997,Tennis,ATP,,,https://en.wikipedia.org/wiki/List_of_Grand_Slam_men%27s_singles_champions
2004●,Tennis,ATP,Roger Federer,,https://en.wikipedia.org/wiki/List_of_Grand_Slam_men%27s_singles_champions
2006●,Tennis,ATP,,,https://en.wikipedia.org/wiki/List_of_Grand_Slam_men%27s_singles_champions
2007●,Tennis,ATP,,,https://en.wikipedia.org/wiki/List_of_Grand_Slam_men%27s_singles_champions
2011●,Tennis,ATP,Novak Djokovic,,https://en.wikipedia.org/wiki/List_of_Grand_Slam_men%27s_singles_champions
2015●,Tennis,ATP,,,https://en.wikipedia.org/wiki/List_of_Grand_Slam_men%27s_singles_champions
2017,Tennis,ATP,Roger Federer,,https://en.wikipedia.org/wiki/List_of_Grand_Slam_men%27s_singles_champions
2019,Tennis,ATP,Novak Djokovic,,https://en.wikipedia.org/wiki/List_of_Grand_Slam_men%27s_singles_champions
2025,Tennis,ATP,Jannik Sinner,,https://en.wikipedia.org/wiki/List_of_Grand_Slam_men%27s_singles_champions
1961,Tennis,ATP,Roy Emerson,,https://en.wikipedia.org/wiki/List_of_Grand_Slam_men%27s_singles_champions
1973,Tennis,ATP,John Newcombe,,https://en.wikipedia.org/wiki/List_of_Grand_Slam_men%27s_singles_champions
2024,Tennis,ATP,Jannik Sinner,,https://en.wikipedia.org/wiki/List_of_Grand_Slam_men%27s_singles_champions
1935,Tennis,ATP,Fred Perry,,https://en.wikipedia.org/wiki/List_of_Grand_Slam_men%27s_singles_champions
1950,Tennis,ATP,Budge Patty,,https://en.wikipedia.org/wiki/List_of_Grand_Slam_men%27s_singles_champions
1955●,Tennis,ATP,Tony Trabert,,https://en.wikipedia.org/wiki/List_of_Grand_Slam_men%27s_singles_champions
1978,Tennis,ATP,Björn Borg,,https://en.wikipedia.org/wiki/List_of_Grand_Slam_men%27s_singles_champions
1979,Tennis,ATP,,,https://en.wikipedia.org/wiki/List_of_Grand_Slam_men%27s_singles_champions
1980,Tennis,ATP,,,https://en.wikipedia.org/wiki/List_of_Grand_Slam_men%27s_singles_champions
2008,Tennis,ATP,Rafael Nadal,,https://en.wikipedia.org/wiki/List_of_Grand_Slam_men%27s_singles_champions
2009,Tennis,ATP,Roger Federer,,https://en.wikipedia.org/wiki/List_of_Grand_Slam_men%27s_singles_champions
2010●,Tennis,ATP,Rafael Nadal,,https://en.wikipedia.org/wiki/List_of_Grand_Slam_men%27s_singles_champions
1927,Tennis,ATP,René Lacoste,,https://en.wikipedia.org/wiki/List_of_Grand_Slam_men%27s_singles_champions
1928,Tennis,ATP,Henri Cochet,,https://en.wikipedia.org/wiki/List_of_Grand_Slam_men%27s_singles_champions
1977,Tennis,ATP,Guillermo Vilas,,https://en.wikipedia.org/wiki/List_of_Grand_Slam_men%27s_singles_champions
1986,Tennis,ATP,Ivan Lendl,,https://en.wikipedia.org/wiki/List_of_Grand_Slam_men%27s_singles_champions
1987,Tennis,ATP,,,https://en.wikipedia.org/wiki/List_of_Grand_Slam_men%27s_singles_champions
1999,Tennis,ATP,Andre Agassi,,https://en.wikipedia.org/wiki/List_of_Grand_Slam_men%27s_singles_champions
2013,Tennis,ATP,,,https://en.wikipedia.org/wiki/List_of_Grand_Slam_men%27s_singles_champions
1932,Tennis,ATP,Ellsworth Vines,,https://en.wikipedia.org/wiki/List_of_Grand_Slam_men%27s_singles_champions
1936,Tennis,ATP,,,https://en.wikipedia.org/wiki/List_of_Grand_Slam_men%27s_singles_champions
1937,Tennis,ATP,Don Budge,,https://en.wikipedia.org/wiki/List_of_Grand_Slam_men%27s_singles_champions
1939,Tennis,ATP,Bobby Riggs,,https://en.wikipedia.org/wiki/List_of_Grand_Slam_men%27s_singles_champions
1947,Tennis,ATP,Jack Kramer,,https://en.wikipedia.org/wiki/List_of_Grand_Slam_men%27s_singles_champions
1952,Tennis,ATP,Frank Sedgman,,https://en.wikipedia.org/wiki/List_of_Grand_Slam_men%27s_singles_champions
1960,Tennis,ATP,Neale Fraser,,https://en.wikipedia.org/wiki/List_of_Grand_Slam_men%27s_singles_champions
1981,Tennis,ATP,John Mcenroe,,https://en.wikipedia.org/wiki/List_of_Grand_Slam_men%27s_singles_champions
1982,Tennis,ATP,Jimmy Connors,,https://en.wikipedia.org/wiki/List_of_Grand_Slam_men%27s_singles_champions
1984,Tennis,ATP,John Mcenroe,,https://en.wikipedia.org/wiki/List_of_Grand_Slam_men%27s_singles_champions
1989,Tennis,ATP,Boris Becker,,https://en.wikipedia.org/wiki/List_of_Grand_Slam_men%27s_singles_champions
1993,Tennis,ATP,Pete Sampras,,https://en.wikipedia.org/wiki/List_of_Grand_Slam_men%27s_singles_champions
1995,Tennis,ATP,,,https://en.wikipedia.org/wiki/List_of_Grand_Slam_men%27s_singles_champions
2005,Tennis,ATP,,,https://en.wikipedia.org/wiki/List_of_Grand_Slam_men%27s_singles_champions
2018,Tennis,ATP,,,https://en.wikipedia.org/wiki/List_of_Grand_Slam_men%27s_singles_champions
Australian Open,Tennis,ATP,10,Novak Djokovic,https://en.wikipedia.org/wiki/List_of_Grand_Slam_men%27s_singles_champions
French Open,Tennis,ATP,14,Rafael Nadal,https://en.wikipedia.org/wiki/List_of_Grand_Slam_men%27s_singles_champions
Wimbledon,Tennis,ATP,8,Roger Federer,https://en.wikipedia.org/wiki/List_of_Grand_Slam_men%27s_singles_champions
US Open,Tennis,ATP,7(All-Time),Richard SearsWilliam LarnedBill Tilden,https://en.wikipedia.org/wiki/List_of_Grand_Slam_men%27s_singles_champions
5(Open Era),Tennis,ATP,Jimmy Connorspete Samprasroger Federer,,https://en.wikipedia.org/wiki/List_of_Grand_Slam_men%27s_singles_champions
Titles,Tennis,ATP,14,Rafael Nadal,https://en.wikipedia.org/wiki/List_of_Grand_Slam_men%27s_singles_champions
Finals,Tennis,ATP,14,Rafael Nadal,https://en.wikipedia.org/wiki/List_of_Grand_Slam_men%27s_singles_champions
Semi-finals,Tennis,ATP,15,Roger Federer,https://en.wikipedia.org/wiki/List_of_Grand_Slam_men%27s_singles_champions
Quarter-finals,Tennis,ATP,19,Novak Djokovic,https://en.wikipedia.org/wiki/List_of_Grand_Slam_men%27s_singles_champions
Finals without win[a],Tennis,ATP,5,Andy Murray,https://en.wikipedia.org/wiki/List_of_Grand_Slam_men%27s_singles_champions
Runner-up finishes[b],Tennis,ATP,6,Novak Djokovic,https://en.wikipedia.org/wiki/List_of_Grand_Slam_men%27s_singles_champions
Match wins,Tennis,ATP,112,Rafael Nadal,https://en.wikipedia.org/wiki/List_of_Grand_Slam_men%27s_singles_champions
Consecutive wins,Tennis,ATP,41,Björn Borg,https://en.wikipedia.org/wiki/List_of_Grand_Slam_men%27s_singles_champions
Matches played,Tennis,ATP,119,Roger Federer,https://en.wikipedia.org/wiki/List_of_Grand_Slam_men%27s_singles_champions
Entries,Tennis,ATP,22,Jimmy Connors,https://en.wikipedia.org/wiki/List_of_Grand_Slam_men%27s_singles_champions
Richard Gasquet,Tennis,ATP,French Open,2002–25,https://en.wikipedia.org/wiki/List_of_Grand_Slam_men%27s_singles_champions
6,Tennis,ATP,Don Budge,1937 WIM,https://en.wikipedia.org/wiki/List_of_Grand_Slam_men%27s_singles_champions
4,Tennis,ATP,Rod Laver,1969 AO,https://en.wikipedia.org/wiki/List_of_Grand_Slam_men%27s_singles_champions
7,Tennis,ATP,Richard Sears[A],USO,https://en.wikipedia.org/wiki/List_of_Grand_Slam_men%27s_singles_champions
Bill Tilden,Tennis,ATP,Uso,1920–25,https://en.wikipedia.org/wiki/List_of_Grand_Slam_men%27s_singles_champions
5,Tennis,ATP,Roy Emerson,AO,https://en.wikipedia.org/wiki/List_of_Grand_Slam_men%27s_singles_champions
USO,Tennis,ATP,2004–08,,https://en.wikipedia.org/wiki/List_of_Grand_Slam_men%27s_singles_champions
Flag Icon Key,Tennis,WTA,,,https://en.wikipedia.org/wiki/List_of_Grand_Slam_women%27s_singles_champions
List of National Flags,Tennis,WTA,,,https://en.wikipedia.org/wiki/List_of_Grand_Slam_women%27s_singles_champions
1926,Tennis,WTA,Daphne Akhurst(2/5),Suzanne Lenglen(8/8),https://en.wikipedia.org/wiki/List_of_Grand_Slam_women%27s_singles_champions
1929,Tennis,WTA,Daphne Akhurst(4/5),Helen Wills Moody(9/19),https://en.wikipedia.org/wiki/List_of_Grand_Slam_women%27s_singles_champions
1930,Tennis,WTA,Daphne Akhurst(5/5),Helen Wills Moody(12/19),https://en.wikipedia.org/wiki/List_of_Grand_Slam_women%27s_singles_champions
1931,Tennis,WTA,Coral Mcinnes Buttsworth(1/2),Cilly Aussem(1/2),https://en.wikipedia.org/wiki/List_of_Grand_Slam_women%27s_singles_champions
23,Tennis,WTA,Serena Williams,7,https://en.wikipedia.org/wiki/List_of_Grand_Slam_women%27s_singles_champions
19,Tennis,WTA,Helen Wills Moody,0,https://en.wikipedia.org/wiki/List_of_Grand_Slam_women%27s_singles_champions
18,Tennis,WTA,Chris Evert,2,https://en.wikipedia.org/wiki/List_of_Grand_Slam_women%27s_singles_champions
Martina Navratilova,Tennis,WTA,3,2,https://en.wikipedia.org/wiki/List_of_Grand_Slam_women%27s_singles_champions
9,Tennis,WTA,Maureen Connolly,1,https://en.wikipedia.org/wiki/List_of_Grand_Slam_women%27s_singles_champions
//Monica Seles,Tennis,WTA,4,3,https://en.wikipedia.org/wiki/List_of_Grand_Slam_women%27s_singles_champions
Suzanne Lenglen,Tennis,WTA,0,2,https://en.wikipedia.org/wiki/List_of_Grand_Slam_women%27s_singles_champions
Maureen Connolly,Tennis,WTA,1953G,1953C,https://en.wikipedia.org/wiki/List_of_Grand_Slam_women%27s_singles_champions
Margaret Court,Tennis,WTA,1970G,1970C,https://en.wikipedia.org/wiki/List_of_Grand_Slam_women%27s_singles_champions
Steffi Graf,Tennis,WTA,1988H,1988C,https://en.wikipedia.org/wiki/List_of_Grand_Slam_women%27s_singles_champions
Serena Williams,Tennis,WTA,2002 French Open,2003 Australian Open,https://en.wikipedia.org/wiki/List_of_Grand_Slam_women%27s_singles_champions
Serena Williams(2),Tennis,WTA,2014 Us Open,2015 Wimbledon,https://en.wikipedia.org/wiki/List_of_Grand_Slam_women%27s_singles_champions
Doris Hart,Tennis,WTA,1949G,1950C,https://en.wikipedia.org/wiki/List_of_Grand_Slam_women%27s_singles_champions
Shirley Fry Irvin,Tennis,WTA,1957G,1951C,https://en.wikipedia.org/wiki/List_of_Grand_Slam_women%27s_singles_champions
Margaret Court(2),Tennis,WTA,1961G,1964C,https://en.wikipedia.org/wiki/List_of_Grand_Slam_women%27s_singles_champions
Margaret Court(3),Tennis,WTA,1962G,1969C,https://en.wikipedia.org/wiki/List_of_Grand_Slam_women%27s_singles_champions
Billie Jean King,Tennis,WTA,1968G,1972C,https://en.wikipedia.org/wiki/List_of_Grand_Slam_women%27s_singles_champions
Chris Evert,Tennis,WTA,1982G,1974C,https://en.wikipedia.org/wiki/List_of_Grand_Slam_women%27s_singles_champions
Martina Navratilova(2),Tennis,WTA,1983G,1984C,https://en.wikipedia.org/wiki/List_of_Grand_Slam_women%27s_singles_champions
Chris Evert(2),Tennis,WTA,1984G,1975C,https://en.wikipedia.org/wiki/List_of_Grand_Slam_women%27s_singles_champions
Steffi Graf(2),Tennis,WTA,1989H,1988C,https://en.wikipedia.org/wiki/List_of_Grand_Slam_women%27s_singles_champions
Steffi Graf(3),Tennis,WTA,1990H,1993C,https://en.wikipedia.org/wiki/List_of_Grand_Slam_women%27s_singles_champions
Steffi Graf(4),Tennis,WTA,1994H,1995C,https://en.wikipedia.org/wiki/List_of_Grand_Slam_women%27s_singles_champions
Maria Sharapova,Tennis,WTA,2008H,2012C,https://en.wikipedia.org/wiki/List_of_Grand_Slam_women%27s_singles_champions
Serena Williams(3),Tennis,WTA,2007H,2015C,https://en.wikipedia.org/wiki/List_of_Grand_Slam_women%27s_singles_champions
Chris Evert(3),Tennis,WTA,1975 Us Open,1982 US Open,https://en.wikipedia.org/wiki/List_of_Grand_Slam_women%27s_singles_champions
Hana Mandlíková,Tennis,WTA,1981 French Open,1985 US Open,https://en.wikipedia.org/wiki/List_of_Grand_Slam_women%27s_singles_champions
/Steffi Graf(3),Tennis,WTA,1993 French Open,1989 Australian Open,https://en.wikipedia.org/wiki/List_of_Grand_Slam_women%27s_singles_champions
/Steffi Graf(4),Tennis,WTA,1995 French Open,1989 US Open,https://en.wikipedia.org/wiki/List_of_Grand_Slam_women%27s_singles_champions
/Steffi Graf(5),Tennis,WTA,1996 French Open,1990 Australian Open,https://en.wikipedia.org/wiki/List_of_Grand_Slam_women%27s_singles_champions
Steffi Graf(6),Tennis,WTA,1999 French Open,1993 US Open,https://en.wikipedia.org/wiki/List_of_Grand_Slam_women%27s_singles_champions
Ashleigh Barty,Tennis,WTA,2019 French Open,2022 Australian Open,https://en.wikipedia.org/wiki/List_of_Grand_Slam_women%27s_singles_champions
Iga Świątek,Tennis,WTA,2020 French Open,2022 US Open,https://en.wikipedia.org/wiki/List_of_Grand_Slam_women%27s_singles_champions
1953♠,Tennis,WTA,Maureen Connolly,,https://en.wikipedia.org/wiki/List_of_Grand_Slam_women%27s_singles_champions
1970♠,Tennis,WTA,Margaret Court,,https://en.wikipedia.org/wiki/List_of_Grand_Slam_women%27s_singles_champions
1988♠★,Tennis,WTA,Steffi Graf,,https://en.wikipedia.org/wiki/List_of_Grand_Slam_women%27s_singles_champions
2015★,Tennis,WTA,Serena Williams,,https://en.wikipedia.org/wiki/List_of_Grand_Slam_women%27s_singles_champions
1962,Tennis,WTA,Margaret Court,,https://en.wikipedia.org/wiki/List_of_Grand_Slam_women%27s_singles_champions
1969,Tennis,WTA,Margaret Court,,https://en.wikipedia.org/wiki/List_of_Grand_Slam_women%27s_singles_champions
1991,Tennis,WTA,/Monica Seles,,https://en.wikipedia.org/wiki/List_of_Grand_Slam_women%27s_singles_champions
1983,Tennis,WTA,Martina Navratilova,,https://en.wikipedia.org/wiki/List_of_Grand_Slam_women%27s_singles_champions
1972,Tennis,WTA,Billie Jean King,,https://en.wikipedia.org/wiki/List_of_Grand_Slam_women%27s_singles_champions
1984★,Tennis,WTA,Martina Navratilova,,https://en.wikipedia.org/wiki/List_of_Grand_Slam_women%27s_singles_champions
1993★,Tennis,WTA,,,https://en.wikipedia.org/wiki/List_of_Grand_Slam_women%27s_singles_champions
1995★,Tennis,WTA,,,https://en.wikipedia.org/wiki/List_of_Grand_Slam_women%27s_singles_champions
1996★,Tennis,WTA,,,https://en.wikipedia.org/wiki/List_of_Grand_Slam_women%27s_singles_champions
2002★,Tennis,WTA,Serena Williams,,https://en.wikipedia.org/wiki/List_of_Grand_Slam_women%27s_singles_champions
1962●,Tennis,WTA,Margaret Court,,https://en.wikipedia.org/wiki/List_of_Grand_Slam_women%27s_singles_champions
1969●,Tennis,WTA,Margaret Court,,https://en.wikipedia.org/wiki/List_of_Grand_Slam_women%27s_singles_champions
1973●,Tennis,WTA,,,https://en.wikipedia.org/wiki/List_of_Grand_Slam_women%27s_singles_champions
1988♠,Tennis,WTA,Steffi Graf,,https://en.wikipedia.org/wiki/List_of_Grand_Slam_women%27s_singles_champions
1991●,Tennis,WTA,/Monica Seles,,https://en.wikipedia.org/wiki/List_of_Grand_Slam_women%27s_singles_champions
1992●,Tennis,WTA,,,https://en.wikipedia.org/wiki/List_of_Grand_Slam_women%27s_singles_champions
2001,Tennis,WTA,Jennifer Capriati,,https://en.wikipedia.org/wiki/List_of_Grand_Slam_women%27s_singles_champions
1965●,Tennis,WTA,,,https://en.wikipedia.org/wiki/List_of_Grand_Slam_women%27s_singles_champions
1968,Tennis,WTA,Billie Jean King,,https://en.wikipedia.org/wiki/List_of_Grand_Slam_women%27s_singles_champions
1983●,Tennis,WTA,Martina Navratilova,,https://en.wikipedia.org/wiki/List_of_Grand_Slam_women%27s_singles_champions
1985,Tennis,WTA,,,https://en.wikipedia.org/wiki/List_of_Grand_Slam_women%27s_singles_champions
1989●,Tennis,WTA,,,https://en.wikipedia.org/wiki/List_of_Grand_Slam_women%27s_singles_champions
1997●,Tennis,WTA,Martina Hingis,,https://en.wikipedia.org/wiki/List_of_Grand_Slam_women%27s_singles_champions
2003,Tennis,WTA,Serena Williams,,https://en.wikipedia.org/wiki/List_of_Grand_Slam_women%27s_singles_champions
2010,Tennis,WTA,,,https://en.wikipedia.org/wiki/List_of_Grand_Slam_women%27s_singles_champions
1928●,Tennis,WTA,Helen Wills,,https://en.wikipedia.org/wiki/List_of_Grand_Slam_women%27s_singles_champions
1929●,Tennis,WTA,,,https://en.wikipedia.org/wiki/List_of_Grand_Slam_women%27s_singles_champions
1954,Tennis,WTA,,,https://en.wikipedia.org/wiki/List_of_Grand_Slam_women%27s_singles_champions
1971,Tennis,WTA,Evonne Goolagong,,https://en.wikipedia.org/wiki/List_of_Grand_Slam_women%27s_singles_champions
1972●,Tennis,WTA,Billie Jean King,,https://en.wikipedia.org/wiki/List_of_Grand_Slam_women%27s_singles_champions
1984●,Tennis,WTA,,,https://en.wikipedia.org/wiki/List_of_Grand_Slam_women%27s_singles_champions
1993●,Tennis,WTA,,,https://en.wikipedia.org/wiki/List_of_Grand_Slam_women%27s_singles_champions
1995●,Tennis,WTA,,,https://en.wikipedia.org/wiki/List_of_Grand_Slam_women%27s_singles_champions
1996●,Tennis,WTA,,,https://en.wikipedia.org/wiki/List_of_Grand_Slam_women%27s_singles_champions
2002●,Tennis,WTA,Serena Williams,,https://en.wikipedia.org/wiki/List_of_Grand_Slam_women%27s_singles_champions
1949,Tennis,WTA,Margaret Osborne,,https://en.wikipedia.org/wiki/List_of_Grand_Slam_women%27s_singles_champions
1975,Tennis,WTA,Chris Evert,,https://en.wikipedia.org/wiki/List_of_Grand_Slam_women%27s_singles_champions
1946,Tennis,WTA,Pauline Betz,,https://en.wikipedia.org/wiki/List_of_Grand_Slam_women%27s_singles_champions
1957,Tennis,WTA,Althea Gibson,,https://en.wikipedia.org/wiki/List_of_Grand_Slam_women%27s_singles_champions
1976,Tennis,WTA,Chris Evert,,https://en.wikipedia.org/wiki/List_of_Grand_Slam_women%27s_singles_champions
2000,Tennis,WTA,Venus Williams,,https://en.wikipedia.org/wiki/List_of_Grand_Slam_women%27s_singles_champions
2012,Tennis,WTA,,,https://en.wikipedia.org/wiki/List_of_Grand_Slam_women%27s_singles_champions
Martina Navratilova[a],Tennis,WTA,1983 Wim,1984 USO,https://en.wikipedia.org/wiki/List_of_Grand_Slam_women%27s_singles_champions
2014 USO,Tennis,WTA,2015 Wim,,https://en.wikipedia.org/wiki/List_of_Grand_Slam_women%27s_singles_champions
3,Tennis,WTA,Helen Wills Moody,1928 FO,https://en.wikipedia.org/wiki/List_of_Grand_Slam_women%27s_singles_champions
1929 FO,Tennis,WTA,1929 Uso,,https://en.wikipedia.org/wiki/List_of_Grand_Slam_women%27s_singles_champions
1972 FO,Tennis,WTA,1972 Uso,,https://en.wikipedia.org/wiki/List_of_Grand_Slam_women%27s_singles_champions
Chris Evert[a],Tennis,WTA,1982 Uso,1983 FO,https://en.wikipedia.org/wiki/List_of_Grand_Slam_women%27s_singles_champions
/Monica Seles,Tennis,WTA,1991 Uso,1992 FO,https://en.wikipedia.org/wiki/List_of_Grand_Slam_women%27s_singles_champions
1996 FO,Tennis,WTA,1996 Uso,,https://en.wikipedia.org/wiki/List_of_Grand_Slam_women%27s_singles_champions
Martina Hingis,Tennis,WTA,1997 Wim,1998 AO,https://en.wikipedia.org/wiki/List_of_Grand_Slam_women%27s_singles_champions
Helen Wills Moody,Tennis,WTA,Wim,1927–30,https://en.wikipedia.org/wiki/List_of_Grand_Slam_women%27s_singles_champions
Helen Jacobs,Tennis,WTA,Uso,1932–35,https://en.wikipedia.org/wiki/List_of_Grand_Slam_women%27s_singles_champions
1,Multi-Sport,Olympics,Michael Phelps,United States,https://en.wikipedia.org/wiki/List_of_multiple_Olympic_gold_medalists
2,Multi-Sport,Olympics,Johannes Høsflot Klæbo,Norway,https://en.wikipedia.org/wiki/List_of_multiple_Olympic_gold_medalists
3,Multi-Sport,Olympics,Larisa Latynina,Soviet Union,https://en.wikipedia.org/wiki/List_of_multiple_Olympic_gold_medalists
4,Multi-Sport,Olympics,Katie Ledecky,United States,https://en.wikipedia.org/wiki/List_of_multiple_Olympic_gold_medalists
5,Multi-Sport,Olympics,Paavo Nurmi,Finland,https://en.wikipedia.org/wiki/List_of_multiple_Olympic_gold_medalists
6,Multi-Sport,Olympics,Mark Spitz,United States,https://en.wikipedia.org/wiki/List_of_multiple_Olympic_gold_medalists
7,Multi-Sport,Olympics,Caeleb Dressel,United States,https://en.wikipedia.org/wiki/List_of_multiple_Olympic_gold_medalists
Carl Lewis,Multi-Sport,Olympics,United States,Athletics,https://en.wikipedia.org/wiki/List_of_multiple_Olympic_gold_medalists
9,Multi-Sport,Olympics,Isabell Werth,Germany,https://en.wikipedia.org/wiki/List_of_multiple_Olympic_gold_medalists
10,Multi-Sport,Olympics,Marit Bjørgen,Norway,https://en.wikipedia.org/wiki/List_of_multiple_Olympic_gold_medalists
11,Multi-Sport,Olympics,Ole Einar Bjørndalen,Norway,https://en.wikipedia.org/wiki/List_of_multiple_Olympic_gold_medalists
12,Multi-Sport,Olympics,Bjørn Dæhlie,Norway,https://en.wikipedia.org/wiki/List_of_multiple_Olympic_gold_medalists
Birgit Fischer,Multi-Sport,Olympics,East Germanygermany,Canoeing,https://en.wikipedia.org/wiki/List_of_multiple_Olympic_gold_medalists
14,Multi-Sport,Olympics,Sawao Katō,Japan,https://en.wikipedia.org/wiki/List_of_multiple_Olympic_gold_medalists
Jenny Thompson,Multi-Sport,Olympics,United States,Swimming,https://en.wikipedia.org/wiki/List_of_multiple_Olympic_gold_medalists
16,Multi-Sport,Olympics,Matt Biondi,United States,https://en.wikipedia.org/wiki/List_of_multiple_Olympic_gold_medalists
17,Multi-Sport,Olympics,Lisa Carrington,New Zealand,https://en.wikipedia.org/wiki/List_of_multiple_Olympic_gold_medalists
18,Multi-Sport,Olympics,Usain Bolt,Jamaica,https://en.wikipedia.org/wiki/List_of_multiple_Olympic_gold_medalists
Ray Ewry,Multi-Sport,Olympics,United States,Athletics,https://en.wikipedia.org/wiki/List_of_multiple_Olympic_gold_medalists
20,Multi-Sport,Olympics,Nikolai Andrianov,Soviet Union,https://en.wikipedia.org/wiki/List_of_multiple_Olympic_gold_medalists
21,Multi-Sport,Olympics,Boris Shakhlin,Soviet Union,https://en.wikipedia.org/wiki/List_of_multiple_Olympic_gold_medalists
22,Multi-Sport,Olympics,Věra Čáslavská,Czechoslovakia,https://en.wikipedia.org/wiki/List_of_multiple_Olympic_gold_medalists
23,Multi-Sport,Olympics,Viktor Chukarin,Soviet Union,https://en.wikipedia.org/wiki/List_of_multiple_Olympic_gold_medalists
Allyson Felix,Multi-Sport,Olympics,United States,Athletics,https://en.wikipedia.org/wiki/List_of_multiple_Olympic_gold_medalists
25,Multi-Sport,Olympics,Simone Biles,United States,https://en.wikipedia.org/wiki/List_of_multiple_Olympic_gold_medalists
26,Multi-Sport,Olympics,Jason Kenny,Great Britain,https://en.wikipedia.org/wiki/List_of_multiple_Olympic_gold_medalists
27,Multi-Sport,Olympics,Aladár Gerevich,Hungary,https://en.wikipedia.org/wiki/List_of_multiple_Olympic_gold_medalists
28,Multi-Sport,Olympics,Tobias Arlt,Germany,https://en.wikipedia.org/wiki/List_of_multiple_Olympic_gold_medalists
Tobias Wendl,Multi-Sport,Olympics,Germany,Luge,https://en.wikipedia.org/wiki/List_of_multiple_Olympic_gold_medalists
30,Multi-Sport,Olympics,Svetlana Romashina,RussiaROC,https://en.wikipedia.org/wiki/List_of_multiple_Olympic_gold_medalists
31,Multi-Sport,Olympics,Edoardo Mangiarotti,Italy,https://en.wikipedia.org/wiki/List_of_multiple_Olympic_gold_medalists
Ireen Wüst,Multi-Sport,Olympics,Netherlands,Speed skating,https://en.wikipedia.org/wiki/List_of_multiple_Olympic_gold_medalists
33,Multi-Sport,Olympics,Emma Mckeon,Australia,https://en.wikipedia.org/wiki/List_of_multiple_Olympic_gold_medalists
34,Multi-Sport,Olympics,Ryan Lochte,United States,https://en.wikipedia.org/wiki/List_of_multiple_Olympic_gold_medalists
35,Multi-Sport,Olympics,Hubert Van Innis,Belgium,https://en.wikipedia.org/wiki/List_of_multiple_Olympic_gold_medalists
Lyubov Yegorova,Multi-Sport,Olympics,Unified Teamrussia,Cross-country skiing,https://en.wikipedia.org/wiki/List_of_multiple_Olympic_gold_medalists
37,Multi-Sport,Olympics,Akinori Nakayama,Japan,https://en.wikipedia.org/wiki/List_of_multiple_Olympic_gold_medalists
38,Multi-Sport,Olympics,Valentina Vezzali,Italy,https://en.wikipedia.org/wiki/List_of_multiple_Olympic_gold_medalists
39,Multi-Sport,Olympics,Gert Fredriksson,Sweden,https://en.wikipedia.org/wiki/List_of_multiple_Olympic_gold_medalists
Danuta Kozák,Multi-Sport,Olympics,Hungary,Canoeing,https://en.wikipedia.org/wiki/List_of_multiple_Olympic_gold_medalists
41,Multi-Sport,Olympics,Martin Fourcade,France,https://en.wikipedia.org/wiki/List_of_multiple_Olympic_gold_medalists
Chris Hoy,Multi-Sport,Olympics,Great Britain,Cycling,https://en.wikipedia.org/wiki/List_of_multiple_Olympic_gold_medalists
43,Multi-Sport,Olympics,Vitaly Scherbo,Unified TeamBelarus,https://en.wikipedia.org/wiki/List_of_multiple_Olympic_gold_medalists
44,Multi-Sport,Olympics,Ahn Hyun-Sooviktor An,South KoreaRussia,https://en.wikipedia.org/wiki/List_of_multiple_Olympic_gold_medalists
Reiner Klimke,Multi-Sport,Olympics,United Team Of Germanywest Germany,Equestrian,https://en.wikipedia.org/wiki/List_of_multiple_Olympic_gold_medalists
46,Multi-Sport,Olympics,Natalie Geisenberger,Germany,https://en.wikipedia.org/wiki/List_of_multiple_Olympic_gold_medalists
Pál Kovács,Multi-Sport,Olympics,Hungary,Fencing,https://en.wikipedia.org/wiki/List_of_multiple_Olympic_gold_medalists
48,Multi-Sport,Olympics,Rudolf Kárpáti,Hungary,https://en.wikipedia.org/wiki/List_of_multiple_Olympic_gold_medalists
Ma Long,Multi-Sport,Olympics,China,Table tennis,https://en.wikipedia.org/wiki/List_of_multiple_Olympic_gold_medalists
1[1],Multi-Sport,Olympics,1896-04-06,James Connolly,https://en.wikipedia.org/wiki/List_of_multiple_Olympic_gold_medalists
Robert Garrett,Multi-Sport,Olympics,United States,Athletics,https://en.wikipedia.org/wiki/List_of_multiple_Olympic_gold_medalists
1896-04-07,Multi-Sport,Olympics,Ellery Clark,United States,https://en.wikipedia.org/wiki/List_of_multiple_Olympic_gold_medalists
Thomas Burke,Multi-Sport,Olympics,United States,Athletics,https://en.wikipedia.org/wiki/List_of_multiple_Olympic_gold_medalists
2[1],Multi-Sport,Olympics,Robert Garrett,United States,https://en.wikipedia.org/wiki/List_of_multiple_Olympic_gold_medalists
1896-04-09,Multi-Sport,Olympics,Edwin Flack,Australia,https://en.wikipedia.org/wiki/List_of_multiple_Olympic_gold_medalists
"Fritz Hofmann,Konrad Böcker,Alfred Flatow,Gustav Flatow,Georg Hilmar,Fritz Manteuffel,Karl Neukirch,Richard Röstel,Gustav Schuft,Carl Schuhmann,Hermann Weingärtner",Multi-Sport,Olympics,Germany,Gymnastics,https://en.wikipedia.org/wiki/List_of_multiple_Olympic_gold_medalists
3[1],Multi-Sport,Olympics,Carl Schuhmann,Germany,https://en.wikipedia.org/wiki/List_of_multiple_Olympic_gold_medalists
Hermann Weingärtner,Multi-Sport,Olympics,Germany,Gymnastics,https://en.wikipedia.org/wiki/List_of_multiple_Olympic_gold_medalists
1896-04-10,Multi-Sport,Olympics,Alfred Flatow,Germany,https://en.wikipedia.org/wiki/List_of_multiple_Olympic_gold_medalists
1900-07-16,Multi-Sport,Olympics,Alvin Kraenzlein,United States,https://en.wikipedia.org/wiki/List_of_multiple_Olympic_gold_medalists
1904-08-05,Multi-Sport,Olympics,Marcus Hurley,United States,https://en.wikipedia.org/wiki/List_of_multiple_Olympic_gold_medalists
1904-08-29,Multi-Sport,Olympics,Ray Ewry,United States,https://en.wikipedia.org/wiki/List_of_multiple_Olympic_gold_medalists
8,Multi-Sport,Olympics,1908-07-23,Standing high jump,https://en.wikipedia.org/wiki/List_of_multiple_Olympic_gold_medalists
1924-07-13,Multi-Sport,Olympics,Paavo Nurmi,Finland,https://en.wikipedia.org/wiki/List_of_multiple_Olympic_gold_medalists
1964-10-23,Multi-Sport,Olympics,Larisa Latynina,Soviet Union,https://en.wikipedia.org/wiki/List_of_multiple_Olympic_gold_medalists
2008-08-12,Multi-Sport,Olympics,Michael Phelps,United States,https://en.wikipedia.org/wiki/List_of_multiple_Olympic_gold_medalists
13,Multi-Sport,Olympics,2008-08-16,100 metre butterfly,https://en.wikipedia.org/wiki/List_of_multiple_Olympic_gold_medalists
15,Multi-Sport,Olympics,2012-07-31,Swimming,https://en.wikipedia.org/wiki/List_of_multiple_Olympic_gold_medalists
19,Multi-Sport,Olympics,2016-08-07,Swimming,https://en.wikipedia.org/wiki/List_of_multiple_Olympic_gold_medalists
Paavo Nurmi,Multi-Sport,Olympics,Finland,Athletics,https://en.wikipedia.org/wiki/List_of_multiple_Olympic_gold_medalists
Lidiya Skoblikova,Multi-Sport,Olympics,Soviet Union,Speed skating,https://en.wikipedia.org/wiki/List_of_multiple_Olympic_gold_medalists
Viktor Chukarin,Multi-Sport,Olympics,Soviet Union,Gymnastics,https://en.wikipedia.org/wiki/List_of_multiple_Olympic_gold_medalists
Sawao Kato,Multi-Sport,Olympics,Japan,Gymnastics,https://en.wikipedia.org/wiki/List_of_multiple_Olympic_gold_medalists
Krisztina Egerszegi,Multi-Sport,Olympics,Hungary,Swimming,https://en.wikipedia.org/wiki/List_of_multiple_Olympic_gold_medalists
Gert Fredriksson,Multi-Sport,Olympics,Sweden,Canoeing,https://en.wikipedia.org/wiki/List_of_multiple_Olympic_gold_medalists
Clas Thunberg,Multi-Sport,Olympics,Finland,Speed skating,https://en.wikipedia.org/wiki/List_of_multiple_Olympic_gold_medalists
24,Multi-Sport,Olympics,Martin Fourcade,France,https://en.wikipedia.org/wiki/List_of_multiple_Olympic_gold_medalists
Lisa Carrington,Multi-Sport,Olympics,New Zealand,Canoeing,https://en.wikipedia.org/wiki/List_of_multiple_Olympic_gold_medalists
Mijaín López,Multi-Sport,Olympics,Cuba,Wrestling,https://en.wikipedia.org/wiki/List_of_multiple_Olympic_gold_medalists
Akinori Nakayama,Multi-Sport,Olympics,Japan,Gymnastics,https://en.wikipedia.org/wiki/List_of_multiple_Olympic_gold_medalists
Claudia Pechstein,Multi-Sport,Olympics,Germany,Speed skating,https://en.wikipedia.org/wiki/List_of_multiple_Olympic_gold_medalists
Janica Kostelić,Multi-Sport,Olympics,Croatia,Alpine skiing,https://en.wikipedia.org/wiki/List_of_multiple_Olympic_gold_medalists
Hubert Van Innis,Multi-Sport,Olympics,Belgium,Archery,https://en.wikipedia.org/wiki/List_of_multiple_Olympic_gold_medalists
Ágnes Keleti,Multi-Sport,Olympics,Hungary,Gymnastics,https://en.wikipedia.org/wiki/List_of_multiple_Olympic_gold_medalists
Mark Spitz,Multi-Sport,Olympics,United States,Swimming,https://en.wikipedia.org/wiki/List_of_multiple_Olympic_gold_medalists
Leontien van Moorsel,Multi-Sport,Olympics,Netherlands,Cycling,https://en.wikipedia.org/wiki/List_of_multiple_Olympic_gold_medalists
42,Multi-Sport,Olympics,Ben Ainslie,Great Britain,https://en.wikipedia.org/wiki/List_of_multiple_Olympic_gold_medalists
Janet Evans,Multi-Sport,Olympics,United States,Swimming,https://en.wikipedia.org/wiki/List_of_multiple_Olympic_gold_medalists
Yevgeny Grishin,Multi-Sport,Olympics,Soviet Union,Speed skating,https://en.wikipedia.org/wiki/List_of_multiple_Olympic_gold_medalists
Anton Heida,Multi-Sport,Olympics,United States,Gymnastics,https://en.wikipedia.org/wiki/List_of_multiple_Olympic_gold_medalists
Jason Kenny,Multi-Sport,Olympics,Great Britain,Cycling,https://en.wikipedia.org/wiki/List_of_multiple_Olympic_gold_medalists
Yana Klochkova,Multi-Sport,Olympics,Ukraine,Swimming,https://en.wikipedia.org/wiki/List_of_multiple_Olympic_gold_medalists
Johann Olav Koss,Multi-Sport,Olympics,Norway,Speed skating,https://en.wikipedia.org/wiki/List_of_multiple_Olympic_gold_medalists
Greg Louganis,Multi-Sport,Olympics,United States,Diving,https://en.wikipedia.org/wiki/List_of_multiple_Olympic_gold_medalists
1,Boxing,WBC,Jack Dempsey(Awarded Inaugural Nba Title While Holding The Nysac Title),Jan 1921 – 23 Sep 1926,https://en.wikipedia.org/wiki/List_of_undisputed_boxing_champions
2,Boxing,WBC,Gene Tunney,23 Sep 1926 – 31 Jul 1928,https://en.wikipedia.org/wiki/List_of_undisputed_boxing_champions
Tunney retires.[4],Boxing,WBC,,,https://en.wikipedia.org/wiki/List_of_undisputed_boxing_champions
3,Boxing,WBC,Max Schmeling(Def.Jack Sharkey),12 Jun 1930 – 6 Jan 1931,https://en.wikipedia.org/wiki/List_of_undisputed_boxing_champions
Schmeling's undisputed status ended when he was stripped of his NYSAC title for refusing to fightJack Sharkey.[5],Boxing,WBC,,,https://en.wikipedia.org/wiki/List_of_undisputed_boxing_champions
4,Boxing,WBC,Max Schmeling (2)(Reinstated By The Nysac While Holding The Nba Title),22 Jan – 21 Jun 1932,https://en.wikipedia.org/wiki/List_of_undisputed_boxing_champions
5,Boxing,WBC,Jack Sharkey,21 Jun 1932 – 29 Jun 1933,https://en.wikipedia.org/wiki/List_of_undisputed_boxing_champions
6,Boxing,WBC,Primo Carnera,29 Jun 1933 – 14 Jun 1934,https://en.wikipedia.org/wiki/List_of_undisputed_boxing_champions
7,Boxing,WBC,Max Baer,14 Jun 1934 – 13 Jun 1935,https://en.wikipedia.org/wiki/List_of_undisputed_boxing_champions
8,Boxing,WBC,James J. Braddock,13 Jun 1935 – 22 Jun 1937,https://en.wikipedia.org/wiki/List_of_undisputed_boxing_champions
9,Boxing,WBC,Joe Louis,22 Jun 1937 – 1 Mar 1949,https://en.wikipedia.org/wiki/List_of_undisputed_boxing_champions
Louis retires.[6],Boxing,WBC,,,https://en.wikipedia.org/wiki/List_of_undisputed_boxing_champions
10,Boxing,WBC,Ezzard Charles(Def.Joe Louis),27 Sep 1950 – 18 Jul 1951,https://en.wikipedia.org/wiki/List_of_undisputed_boxing_champions
11,Boxing,WBC,Jersey Joe Walcott,18 Jul 1951 – 23 Sep 1952,https://en.wikipedia.org/wiki/List_of_undisputed_boxing_champions
12,Boxing,WBC,Rocky Marciano,23 Sep 1952 – 27 Apr 1956,https://en.wikipedia.org/wiki/List_of_undisputed_boxing_champions
Marciano retires.[7],Boxing,WBC,,,https://en.wikipedia.org/wiki/List_of_undisputed_boxing_champions
13,Boxing,WBC,Floyd Patterson(Def.Archie Moore),30 Nov 1956 – 26 Jun 1959,https://en.wikipedia.org/wiki/List_of_undisputed_boxing_champions
14,Boxing,WBC,Ingemar Johansson,26 Jun 1959 – 29 Jun 1960,https://en.wikipedia.org/wiki/List_of_undisputed_boxing_champions
15,Boxing,WBC,Floyd Patterson (2),20 Jun 1960 – 25 Sep 1962,https://en.wikipedia.org/wiki/List_of_undisputed_boxing_champions
16,Boxing,WBC,Sonny Liston,25 Sep 1962 – 22 Jul 1963,https://en.wikipedia.org/wiki/List_of_undisputed_boxing_champions
Era ends because the WBC is inaugurated. Liston would win the inaugural WBC title on hisrematchwith Floyd Patterson.,Boxing,WBC,,,https://en.wikipedia.org/wiki/List_of_undisputed_boxing_champions
Ali's undisputed status ended when he got stripped of his WBA title for agreeing to arematchagainst Sonny Liston.[8],Boxing,WBC,,,https://en.wikipedia.org/wiki/List_of_undisputed_boxing_champions
Ali got stripped of his titles for refusing to be drafted to military service.[9],Boxing,WBC,,,https://en.wikipedia.org/wiki/List_of_undisputed_boxing_champions
Spinks' undisputed status ended when he was stripped of the WBC title for pursuing a rematch against Muhammad Ali instead of a bout againstmandatory challengerKen Norton.[10],Boxing,WBC,,,https://en.wikipedia.org/wiki/List_of_undisputed_boxing_champions
Bowe's undisputed status ended when he vacated his WBC title and threw the title into the trash.[11],Boxing,WBC,,,https://en.wikipedia.org/wiki/List_of_undisputed_boxing_champions
Lewis' undisputed status ended when he was stripped of his WBA title for agreeing to fight WBC mandatoryMichael Grantinstead of WBA mandatoryJohn Ruiz. Ruiz challenged this decision in court on the basis of a clause in the Lewis–Holyfield rematch contract which said Lewis' first bout as undisputed champion would be against the WBA's number one contender. The court then ruled in favor of Ruiz.[12],Boxing,WBC,,,https://en.wikipedia.org/wiki/List_of_undisputed_boxing_champions
Usyk's undisputed status ended when he vacated the IBF title after opting to rematch Tyson Fury rather than facing his mandatory challengerDaniel Dubois.[13],Boxing,WBC,,,https://en.wikipedia.org/wiki/List_of_undisputed_boxing_champions
Usyk's undisputed status ended when he vacated the WBO title.[14],Boxing,WBC,,,https://en.wikipedia.org/wiki/List_of_undisputed_boxing_champions
Holyfield's undisputed status ended when he vacated all his titles to move up to heavyweight full time.,Boxing,WBC,,,https://en.wikipedia.org/wiki/List_of_undisputed_boxing_champions
Bell's undisputed status ended when he was stripped of the IBF title after undergoing dental surgery and subsequently withdrawing from a fight with mandatory challenger Steve Cunningham scheduled for 6 May.[15],Boxing,WBC,,,https://en.wikipedia.org/wiki/List_of_undisputed_boxing_champions
Usyk's undisputed status ended when he vacated his WBA title and moved up to heavyweight.[16],Boxing,WBC,,,https://en.wikipedia.org/wiki/List_of_undisputed_boxing_champions
Delaney vacates his titles to move up to heavyweight.[17],Boxing,WBC,,,https://en.wikipedia.org/wiki/List_of_undisputed_boxing_champions
Loughran vacates his titles to move up to heavyweight.[18],Boxing,WBC,,,https://en.wikipedia.org/wiki/List_of_undisputed_boxing_champions
Rosenbloom is stripped of the NBA title for failing to defend the title in a timely manner.[19],Boxing,WBC,,,https://en.wikipedia.org/wiki/List_of_undisputed_boxing_champions
"Rosenbloom is stripped of the NBA title because the NBA disliked his ""clowning tactics and criticizing opponents in the ring"".[20]",Boxing,WBC,,,https://en.wikipedia.org/wiki/List_of_undisputed_boxing_champions
Lewis' undisputed status ended when he got stripped of his NYSAC title for failing to fightTiger Jack Fox.[21],Boxing,WBC,,,https://en.wikipedia.org/wiki/List_of_undisputed_boxing_champions
Conn vacated his titles to move up to the heavyweight division.[22],Boxing,WBC,,,https://en.wikipedia.org/wiki/List_of_undisputed_boxing_champions
Moore's undisputed status ended when he was stripped of his NBA title for failing to fight Eric Schoeppner.[23],Boxing,WBC,,,https://en.wikipedia.org/wiki/List_of_undisputed_boxing_champions
Era ended when the WBC was inaugurated. Johnson was then awarded the inaugural title.,Boxing,WBC,,,https://en.wikipedia.org/wiki/List_of_undisputed_boxing_champions
"Foster's undisputed status ended when he was stripped of the WBA title for failing to post a $5,000 forfeit bond for the fight with Jimmy Dupree within 10 days after losing to Joe Frazier.[24]",Boxing,WBC,,,https://en.wikipedia.org/wiki/List_of_undisputed_boxing_champions
Foster retires.[25],Boxing,WBC,,,https://en.wikipedia.org/wiki/List_of_undisputed_boxing_champions
Era ended when IBF was inaugurated. Spinks would then win the inaugural IBF title.,Boxing,WBC,,,https://en.wikipedia.org/wiki/List_of_undisputed_boxing_champions
Spinks' undisputed status ended when he was stripped of the WBC light heavyweight title due to the WBC's policy against fighters holding world titles in multiple divisions at the same time.[26],Boxing,WBC,,,https://en.wikipedia.org/wiki/List_of_undisputed_boxing_champions
Jones Jr.'s undisputed status ended when he vacated his IBF title.[27],Boxing,WBC,,,https://en.wikipedia.org/wiki/List_of_undisputed_boxing_champions
Bivol vacated the WBC title to pursue a trilogy against Artur Beterbiev instead of fighting interim championDavid Benavidez.[28],Boxing,WBC,,,https://en.wikipedia.org/wiki/List_of_undisputed_boxing_champions
Álvarez's undisputed status ended when he was stripped of the IBF title for opting to fightEdgar Berlangainstead of his mandatory challengerWilliam Scull.[29],Boxing,WBC,,,https://en.wikipedia.org/wiki/List_of_undisputed_boxing_champions
Crawford's undisputed status ended when he was stripped of the WBC title for failing to pay the sanctioning fees. He retired from boxing 13 days later.[30][31],Boxing,WBC,,,https://en.wikipedia.org/wiki/List_of_undisputed_boxing_champions
Wilson's undisputed status ended when he got stripped of his NYSAC title for refusing to fightHarry Greb.[32],Boxing,WBC,,,https://en.wikipedia.org/wiki/List_of_undisputed_boxing_champions
Walker's undisputed status ended when he was stripped of his NYSAC title for not taking steps in making a title defense.[33],Boxing,WBC,,,https://en.wikipedia.org/wiki/List_of_undisputed_boxing_champions
Steele's undisputed status ended when he was stripped of his NYSAC title for refusing to fight Fred Apostoli.,Boxing,WBC,,,https://en.wikipedia.org/wiki/List_of_undisputed_boxing_champions
"Zale was defeated byRocky Grazianohowever, Graziano was not recognized by the NYSAC because his license was revoked due to failure of reporting an attempted bribe.[34]",Boxing,WBC,,,https://en.wikipedia.org/wiki/List_of_undisputed_boxing_champions
17,Boxing,WBC,Sugar Ray Robinson (2),12 Sep 1951 – 19 Dec 1952,https://en.wikipedia.org/wiki/List_of_undisputed_boxing_champions
Robinson vacated and announced first retirement.[35],Boxing,WBC,,,https://en.wikipedia.org/wiki/List_of_undisputed_boxing_champions
18,Boxing,WBC,Bobo Olson(Def.Randy Turpin),21 Oct 1953 – 9 Dec 1955,https://en.wikipedia.org/wiki/List_of_undisputed_boxing_champions
19,Boxing,WBC,Sugar Ray Robinson (3),9 Dec 1955 – 2 Jan 1957,https://en.wikipedia.org/wiki/List_of_undisputed_boxing_champions
20,Boxing,WBC,Gene Fullmer,2 Jan – 1 May 1957,https://en.wikipedia.org/wiki/List_of_undisputed_boxing_champions
21,Boxing,WBC,Sugar Ray Robinson (4),1 May – 23 Sep 1957,https://en.wikipedia.org/wiki/List_of_undisputed_boxing_champions
22,Boxing,WBC,Carmen Basilio,23 Sep 1957 – 25 Mar 1958,https://en.wikipedia.org/wiki/List_of_undisputed_boxing_champions
23,Boxing,WBC,Sugar Ray Robinson (5),25 Mar 1958 – 4 May 1959,https://en.wikipedia.org/wiki/List_of_undisputed_boxing_champions
Robinson's undisputed status ended when he was stripped of his NBA title for failing to fightCarmen Basilioin a trilogy bout.[36],Boxing,WBC,,,https://en.wikipedia.org/wiki/List_of_undisputed_boxing_champions
24,Boxing,WBC,Dick Tiger(Awarded Nysac Title While Holding The Wba Title),9 Nov 1962 – 10 Aug 1963,https://en.wikipedia.org/wiki/List_of_undisputed_boxing_champions
Era ends because the WBC is inaugurated. Tiger would then fight for the inaugural WBC title.,Boxing,WBC,,,https://en.wikipedia.org/wiki/List_of_undisputed_boxing_champions
Monzón's undisputed status ended when he was  stripped of his WBC title for not fighting his mandatory challengerRodrigo Valdez.[37],Boxing,WBC,,,https://en.wikipedia.org/wiki/List_of_undisputed_boxing_champions
Monzón retires.[38],Boxing,WBC,,,https://en.wikipedia.org/wiki/List_of_undisputed_boxing_champions
Era ends because the IBF is inaugurated. Hagler fought for the inaugural IBF title.,Boxing,WBC,,,https://en.wikipedia.org/wiki/List_of_undisputed_boxing_champions
"Hagler's undisputed status ended when the WBA stripped him of the title for choosing to fightSugar Ray Leonardinstead of mandatory challenger,Herol Graham.[39]",Boxing,WBC,,,https://en.wikipedia.org/wiki/List_of_undisputed_boxing_champions
Taylor's undisputed ended when he vacated the IBF title after refusing to participate in an immediate mandatory defense and instead agreed to a rematch with Bernard Hopkins.[40],Boxing,WBC,,,https://en.wikipedia.org/wiki/List_of_undisputed_boxing_champions
"Mazzinghi's undisputed status ended when he was stripped of his titles by the Italian Boxing Federation after an incorrect call made by the referee. He was stripped first of his WBA title,[41]followed by the WBC title.[42]",Boxing,WBC,,,https://en.wikipedia.org/wiki/List_of_undisputed_boxing_champions
Wajima's undisputed status ended when he was stripped of his WBC title for refusing to fight Miguel de Oliveira. The title was stripped on WBC's February 1975 ratings posted on 6 March.[43],Boxing,WBC,,,https://en.wikipedia.org/wiki/List_of_undisputed_boxing_champions
Wright's undisputed status ended when he was stripped of his IBF title for agreeing to a rematch against Shane Mosley instead of fighting his mandatory challenger.[44],Boxing,WBC,,,https://en.wikipedia.org/wiki/List_of_undisputed_boxing_champions
Charlo's undisputed status ended when he got stripped of the WBO title for fighting Canelo Álvarez instead of mandatory challenger Tim Tszyu.[45],Boxing,WBC,,,https://en.wikipedia.org/wiki/List_of_undisputed_boxing_champions
Walker's undisputed status ended when he was stripped of his NYSAC title for refusing to fight Dave Shade.[46],Boxing,WBC,,,https://en.wikipedia.org/wiki/List_of_undisputed_boxing_champions
Dundee's undisputed status ended when he was  stripped of his NBA title when he failed to sign for a title bout contender.[47],Boxing,WBC,,,https://en.wikipedia.org/wiki/List_of_undisputed_boxing_champions
Servo retires.[48],Boxing,WBC,,,https://en.wikipedia.org/wiki/List_of_undisputed_boxing_champions
Robinson vacated the titles to move up to the middleweight division. Robinson's title is automatically vacated after winning the middleweight title.[49],Boxing,WBC,,,https://en.wikipedia.org/wiki/List_of_undisputed_boxing_champions
25,Boxing,WBC,Carmen Basilio,10 Jun 1955 – 12 Sep 1956,https://en.wikipedia.org/wiki/List_of_undisputed_boxing_champions
26,Boxing,WBC,Johnny Saxton (2),14 Mar – 12 Sep 1956,https://en.wikipedia.org/wiki/List_of_undisputed_boxing_champions
27,Boxing,WBC,Carmen Basilio (2),12 Sep 1956 – 23 Sep 1957,https://en.wikipedia.org/wiki/List_of_undisputed_boxing_champions
Basilio vacated after winning the middleweight title.[50],Boxing,WBC,,,https://en.wikipedia.org/wiki/List_of_undisputed_boxing_champions
28,Boxing,WBC,Virgil Akins(Def. Vince Martinez),6 Jun – 5 Dec 1958,https://en.wikipedia.org/wiki/List_of_undisputed_boxing_champions
29,Boxing,WBC,Don Jordan,5 Dec 1958 – 27 May 1960,https://en.wikipedia.org/wiki/List_of_undisputed_boxing_champions
30,Boxing,WBC,Benny Paret,27 May 1960 – 1 Apr 1961,https://en.wikipedia.org/wiki/List_of_undisputed_boxing_champions
31,Boxing,WBC,Emile Griffith,1 Apr – 30 Sep 1961,https://en.wikipedia.org/wiki/List_of_undisputed_boxing_champions
32,Boxing,WBC,Benny Paret (2),30 Sep 1961 – 24 Mar 1962,https://en.wikipedia.org/wiki/List_of_undisputed_boxing_champions
33,Boxing,WBC,Emile Griffith (2),24 Mar 1962 – Feb 1963,https://en.wikipedia.org/wiki/List_of_undisputed_boxing_champions
Era ends because the WBC is inaugurated. Griffith was awarded the inaugural WBC title.,Boxing,WBC,,,https://en.wikipedia.org/wiki/List_of_undisputed_boxing_champions
Griffith's undisputed status ended when he was stripped of his WBA title for failing to defend it within the required 6 months.[51],Boxing,WBC,,,https://en.wikipedia.org/wiki/List_of_undisputed_boxing_champions
"Nápoles' undisputed status ended when he was stripped of his WBA title for failing to sign a fight against the WBA's No. 1-rated welterweight contender, Ángel Espada.[52]",Boxing,WBC,,,https://en.wikipedia.org/wiki/List_of_undisputed_boxing_champions
Leonard vacated his titles after being diagnosed with a detached retina and announced his retirement.[53],Boxing,WBC,,,https://en.wikipedia.org/wiki/List_of_undisputed_boxing_champions
Honeyghan's undisputed status ended when he vacated the WBA title after the WBA mandated that he defend the title against Harold Volbrecht. Honeyghan dropped the WBA title belt into a trash can on a London street to protest the WBA's continued sanctioning of bouts involving citizens of apartheid-governed South Africa.[54],Boxing,WBC,,,https://en.wikipedia.org/wiki/List_of_undisputed_boxing_champions
"Judah lost againstCarlos Baldomirhowever, the WBA and IBF titles were not on the line because Baldomir didn't pay the sanctioning fees.[55]This fragmented the titles and ended the undisputed reign.",Boxing,WBC,,,https://en.wikipedia.org/wiki/List_of_undisputed_boxing_champions
Crawford's reign ended when he was stripped of the IBF title for choosing to rematchErrol Spence Jr.instead of fighting his mandatory challengerJaron Ennis.[56],Boxing,WBC,,,https://en.wikipedia.org/wiki/List_of_undisputed_boxing_champions
Loi vacated and retired from boxing.[57],Boxing,WBC,,,https://en.wikipedia.org/wiki/List_of_undisputed_boxing_champions
Fuji's undisputed status ended when he was stripped of the WBC title for not fighting his mandatory challenger.[58],Boxing,WBC,,,https://en.wikipedia.org/wiki/List_of_undisputed_boxing_champions
Tszyu's undisputed status ended when he was stripped of the WBC title and is designated as Champion Emeritus.[59],Boxing,WBC,,,https://en.wikipedia.org/wiki/List_of_undisputed_boxing_champions
"Crawford's undisputed status ended when he vacated the IBF title after refusing to negotiate terms with mandatory challengerSergey Lipinets, citing an inability to make the fight under the IBF's time frame.[60]He later vacated all of his remaining titles to move up to welterweight.",Boxing,WBC,,,https://en.wikipedia.org/wiki/List_of_undisputed_boxing_champions
"Taylor's undisputed status ended when he was stripped of the WBA title after he failed to sign the contract in an ordered bout against his mandatory challenger,Alberto Puello.[61]",Boxing,WBC,,,https://en.wikipedia.org/wiki/List_of_undisputed_boxing_champions
Leonard retired.[62],Boxing,WBC,,,https://en.wikipedia.org/wiki/List_of_undisputed_boxing_champions
Ross vacated to move up to light welterweight.[63],Boxing,WBC,,,https://en.wikipedia.org/wiki/List_of_undisputed_boxing_champions
Ambers' undisputed status ended when he was stripped of his NBA title after failing to defend the title within 6 months and refusing to fight the top contender Davey Day.[64],Boxing,WBC,,,https://en.wikipedia.org/wiki/List_of_undisputed_boxing_champions
Angott announced his temporary retirement.[65],Boxing,WBC,,,https://en.wikipedia.org/wiki/List_of_undisputed_boxing_champions
Era ends because the WBC is inaugurated. Ortiz would then win the inaugural WBC title.,Boxing,WBC,,,https://en.wikipedia.org/wiki/List_of_undisputed_boxing_champions
Ortiz was stripped of the WBC title after the WBC accused the referee for his title defense againstSugar Ramosof doing along count.[66],Boxing,WBC,,,https://en.wikipedia.org/wiki/List_of_undisputed_boxing_champions
Laguna's undisputed status ended when he was stripped of the WBC title.[67],Boxing,WBC,,,https://en.wikipedia.org/wiki/List_of_undisputed_boxing_champions
Buchanan's undisputed status ended when he was stripped of the WBC title for failing to defend it againstPedro Carrasco.[68],Boxing,WBC,,,https://en.wikipedia.org/wiki/List_of_undisputed_boxing_champions
Durán's undisputed status ended when he vacated the WBA title to move up to welterweight.[69],Boxing,WBC,,,https://en.wikipedia.org/wiki/List_of_undisputed_boxing_champions
Whitaker's undisputed status ended when he vacated his IBF title to move up to light welterweight. The IBF title was vacated on IBF's February 1992 ratings posted on 28 February.[70],Boxing,WBC,,,https://en.wikipedia.org/wiki/List_of_undisputed_boxing_champions
Haney's undisputed status ended when the WBC declared him as champion in recess after opting to challenge for the WBC light welterweight title.[71],Boxing,WBC,,,https://en.wikipedia.org/wiki/List_of_undisputed_boxing_champions
Bass' undisputed status ended when the NYSAC abolished the division.[72],Boxing,WBC,,,https://en.wikipedia.org/wiki/List_of_undisputed_boxing_champions
Kobayashi's undisputed status ended when he was stripped of the WBC title for refusing to fight René Barrientos.[73],Boxing,WBC,,,https://en.wikipedia.org/wiki/List_of_undisputed_boxing_champions
Battalino's undisputed status ended after being stripped of his titles for missing weight in a title fight againstFreddie Millerwhich ended in a controversial no contest.[74],Boxing,WBC,,,https://en.wikipedia.org/wiki/List_of_undisputed_boxing_champions
Armstrong vacated his titles stay at the higher weight divisions.[75],Boxing,WBC,,,https://en.wikipedia.org/wiki/List_of_undisputed_boxing_champions
Archibald's undisputed status ended when he was stripped of the NBA title for not fightingPetey Scalzo.[76],Boxing,WBC,,,https://en.wikipedia.org/wiki/List_of_undisputed_boxing_champions
Saddler's undisputed status ended when he was stripped of the NBA title for failing to sign for a title defense.[77],Boxing,WBC,,,https://en.wikipedia.org/wiki/List_of_undisputed_boxing_champions
Era ends because the WBC is inaugurated. Moore fought and lost toSugar Ramosfor the inaugural WBC title.,Boxing,WBC,,,https://en.wikipedia.org/wiki/List_of_undisputed_boxing_champions
Saldívar retires.[78],Boxing,WBC,,,https://en.wikipedia.org/wiki/List_of_undisputed_boxing_champions
Lynch's undisputed status ended when he was stripped of his NYSAC title for failing to fight Joe Burman due to a dislocated shoulder.[79],Boxing,WBC,,,https://en.wikipedia.org/wiki/List_of_undisputed_boxing_champions
Rosenberg's undisputed status ended when he was stripped by the NBA during its annual convention after failing to sign a fight withBud Taylor.[80],Boxing,WBC,,,https://en.wikipedia.org/wiki/List_of_undisputed_boxing_champions
Graham's undisputed status ended when he vacated his NYSAC title in January of 1929.[81],Boxing,WBC,,,https://en.wikipedia.org/wiki/List_of_undisputed_boxing_champions
Brown's undisputed status ended when he got stripped of his NBA title after a special meeting was held.,Boxing,WBC,,,https://en.wikipedia.org/wiki/List_of_undisputed_boxing_champions
Brown's undisputed status ended when he got stripped of his NYSAC title after he was suspended for not fighting Baby Casanova.,Boxing,WBC,,,https://en.wikipedia.org/wiki/List_of_undisputed_boxing_champions
Escobar vacated his titles to move up to featherweight.[82],Boxing,WBC,,,https://en.wikipedia.org/wiki/List_of_undisputed_boxing_champions
Salica lost to Ortiz but the NYSAC title was not on the line because it was only scheduled for 12 rounds. He was later stripped of his NYSAC title for not defending it.,Boxing,WBC,,,https://en.wikipedia.org/wiki/List_of_undisputed_boxing_champions
Carruthers vacated and retired from boxing.[83],Boxing,WBC,,,https://en.wikipedia.org/wiki/List_of_undisputed_boxing_champions
Cohen's undisputed status ended when he was stripped of his NBA title for failing to sign a fight againstRaúl Macíaswithin 90 days.[84],Boxing,WBC,,,https://en.wikipedia.org/wiki/List_of_undisputed_boxing_champions
Becerra retired due to an eye injury.[85],Boxing,WBC,,,https://en.wikipedia.org/wiki/List_of_undisputed_boxing_champions
Era ends because the WBC is inaugurated. Jofre won the inaugural WBC title.,Boxing,WBC,,,https://en.wikipedia.org/wiki/List_of_undisputed_boxing_champions
Pinder's undisputed status ended when he was stripped of the WBC title for failing to defend against the number one contender within six months of winning it.[86],Boxing,WBC,,,https://en.wikipedia.org/wiki/List_of_undisputed_boxing_champions
Inoue vacated his titles to move up to super bantamweight.[87],Boxing,WBC,,,https://en.wikipedia.org/wiki/List_of_undisputed_boxing_champions
Title vacated because Villa died fromLudwig's anginaresulting from an infection that spread to his throat.[88],Boxing,WBC,,,https://en.wikipedia.org/wiki/List_of_undisputed_boxing_champions
LaBarba retires.[89],Boxing,WBC,,,https://en.wikipedia.org/wiki/List_of_undisputed_boxing_champions
Lynch was stripped of his titles when he failed to make weight for a title defense againstJackie Jurich.[90],Boxing,WBC,,,https://en.wikipedia.org/wiki/List_of_undisputed_boxing_champions
Paterson was stripped of the NBA title for failing to defend against Dado Marino.[91],Boxing,WBC,,,https://en.wikipedia.org/wiki/List_of_undisputed_boxing_champions
Monaghan retired after his third defense.[92],Boxing,WBC,,,https://en.wikipedia.org/wiki/List_of_undisputed_boxing_champions
Era ends because the WBC is inaugurated. Kingpetch would then be rewarded of the inaugural WBC title.,Boxing,WBC,,,https://en.wikipedia.org/wiki/List_of_undisputed_boxing_champions
"Burruni's undisputed ended when he was stripped of his WBA title for failing to meet the organization's number one contender,Hiroyuki Ebihara.[93]",Boxing,WBC,,,https://en.wikipedia.org/wiki/List_of_undisputed_boxing_champions
Retired.[94],Boxing,WBC,,,https://en.wikipedia.org/wiki/List_of_undisputed_boxing_champions
Mickey Walker,Boxing,WBC,Welterweight,1 Nov 1922,https://en.wikipedia.org/wiki/List_of_undisputed_boxing_champions
Middleweight,Boxing,WBC,3 Dec 1926,,https://en.wikipedia.org/wiki/List_of_undisputed_boxing_champions
Tony Canzoneri,Boxing,WBC,Featherweight,10 Feb 1928,https://en.wikipedia.org/wiki/List_of_undisputed_boxing_champions
Lightweight,Boxing,WBC,14 Nov 1930,,https://en.wikipedia.org/wiki/List_of_undisputed_boxing_champions
Lou Brouillard,Boxing,WBC,Welterweight,23 Oct 1931,https://en.wikipedia.org/wiki/List_of_undisputed_boxing_champions
Barney Ross,Boxing,WBC,Lightweight,23 Jun 1933,https://en.wikipedia.org/wiki/List_of_undisputed_boxing_champions
Welterweight,Boxing,WBC,28 May 1934,,https://en.wikipedia.org/wiki/List_of_undisputed_boxing_champions
Henry Armstrong,Boxing,WBC,Featherweight,29 Oct 1937,https://en.wikipedia.org/wiki/List_of_undisputed_boxing_champions
Sugar Ray Robinson,Boxing,WBC,Welterweight,20 Dec 1946,https://en.wikipedia.org/wiki/List_of_undisputed_boxing_champions
Carmen Basilio,Boxing,WBC,Welterweight,10 Jun 1955,https://en.wikipedia.org/wiki/List_of_undisputed_boxing_champions
Carlos Ortiz,Boxing,WBC,Light Welterweight,12 Jun 1959,https://en.wikipedia.org/wiki/List_of_undisputed_boxing_champions
Fighting Harada,Boxing,WBC,Flyweight,10 Oct 1962,https://en.wikipedia.org/wiki/List_of_undisputed_boxing_champions
Bantamweight,Boxing,WBC,18 May 1965,,https://en.wikipedia.org/wiki/List_of_undisputed_boxing_champions
Emile Griffith,Boxing,WBC,Welterweight,1 Apr 1961,https://en.wikipedia.org/wiki/List_of_undisputed_boxing_champions
Dick Tiger,Boxing,WBC,Middleweight,10 Aug 1963,https://en.wikipedia.org/wiki/List_of_undisputed_boxing_champions
Light heavyweight,Boxing,WBC,16 Dec 1966,,https://en.wikipedia.org/wiki/List_of_undisputed_boxing_champions
Nino Benvenuti,Boxing,WBC,Light Middleweight,18 Jun 1965,https://en.wikipedia.org/wiki/List_of_undisputed_boxing_champions
Evander Holyfield,Boxing,WBC,Cruiserweight,9 Apr 1988,https://en.wikipedia.org/wiki/List_of_undisputed_boxing_champions
Heavyweight,Boxing,WBC,25 Oct 1990,,https://en.wikipedia.org/wiki/List_of_undisputed_boxing_champions
Terence Crawford,Boxing,WBC,Light Welterweight,19 Aug 2017,https://en.wikipedia.org/wiki/List_of_undisputed_boxing_champions
Super middleweight,Boxing,WBC,13 Sep 2025,,https://en.wikipedia.org/wiki/List_of_undisputed_boxing_champions
Naoya Inoue,Boxing,WBC,Bantamweight,13 Dec 2022,https://en.wikipedia.org/wiki/List_of_undisputed_boxing_champions
Super bantamweight,Boxing,WBC,26 Dec 2023,,https://en.wikipedia.org/wiki/List_of_undisputed_boxing_champions
Oleksandr Usyk,Boxing,WBC,Cruiserweight,21 July 2018,https://en.wikipedia.org/wiki/List_of_undisputed_boxing_champions
