venue_name,capacity,sport,source,city,country
Prudential Center,18711.0,Basketball,https://en.wikipedia.org/wiki/List_of_NBA_arenas,Newark,USA
Crypto.com ArenaStaples Center,19067.0,Basketball,https://en.wikipedia.org/wiki/List_of_NBA_arenas,,
Benchmark International ArenaAmalie ArenaTampa Bay Times ForumSt. Pete Times ForumIce Palace,20500.0,Basketball,https://en.wikipedia.org/wiki/List_of_NBA_arenas,,
General Motors PlaceRogers Arena,19193.0,Basketball,https://en.wikipedia.org/wiki/List_of_NBA_arenas,,
Alamodome,20557.0,Basketball,https://en.wikipedia.org/wiki/List_of_NBA_arenas,,
San Jose ArenaSAP Center at San JoseHP Pavilion at San JoseCompaq Center at San Jose,18500.0,Basketball,https://en.wikipedia.org/wiki/List_of_NBA_arenas,,
Arrowhead Pond of AnaheimHonda CenterPond of Anaheim,18336.0,Basketball,https://en.wikipedia.org/wiki/List_of_NBA_arenas,,
Georgia Dome,71228.0,Basketball,https://en.wikipedia.org/wiki/List_of_NBA_arenas,,
Pyramid Arena,20142.0,Basketball,https://en.wikipedia.org/wiki/List_of_NBA_arenas,,
SkyDomeRogers Centre,28708.0,Basketball,https://en.wikipedia.org/wiki/List_of_NBA_arenas,,
Amway ArenaThe Arena in OrlandoTD Waterhouse CentreOrlando Arena,17283.0,Basketball,https://en.wikipedia.org/wiki/List_of_NBA_arenas,,
Sleep Train ArenaPower Balance PavilionARCO Arena,17317.0,Basketball,https://en.wikipedia.org/wiki/List_of_NBA_arenas,,
The Palace of Auburn Hills,22076.0,Basketball,https://en.wikipedia.org/wiki/List_of_NBA_arenas,,
Bradley CenterBMO Harris Bradley Center,18717.0,Basketball,https://en.wikipedia.org/wiki/List_of_NBA_arenas,,
Miami Arena,15200.0,Basketball,https://en.wikipedia.org/wiki/List_of_NBA_arenas,,
Charlotte Coliseum,24042.0,Basketball,https://en.wikipedia.org/wiki/List_of_NBA_arenas,,
ARCO ArenaSacramento Sports Arena,10333.0,Basketball,https://en.wikipedia.org/wiki/List_of_NBA_arenas,,
Copps ColiseumTD ColiseumHamilton ArenaFirstOntario Centre,18800.0,Basketball,https://en.wikipedia.org/wiki/List_of_NBA_arenas,,
Lakefront Arena,8933.0,Basketball,https://en.wikipedia.org/wiki/List_of_NBA_arenas,,
Thomas & Mack Center,18500.0,Basketball,https://en.wikipedia.org/wiki/List_of_NBA_arenas,,
Tacoma Dome,17100.0,Basketball,https://en.wikipedia.org/wiki/List_of_NBA_arenas,,
Hubert H. Humphrey Metrodome,50000.0,Basketball,https://en.wikipedia.org/wiki/List_of_NBA_arenas,,
Izod CenterMeadowlands ArenaContinental Airlines ArenaBrendan Byrne Arena,20049.0,Basketball,https://en.wikipedia.org/wiki/List_of_NBA_arenas,,
Reunion Arena,18293.0,Basketball,https://en.wikipedia.org/wiki/List_of_NBA_arenas,,
Joe Louis Arena,20153.0,Basketball,https://en.wikipedia.org/wiki/List_of_NBA_arenas,,
Rutgers Athletic CenterLouis Brown Athletic Center,8500.0,Basketball,https://en.wikipedia.org/wiki/List_of_NBA_arenas,,
Kingdome,59166.0,Basketball,https://en.wikipedia.org/wiki/List_of_NBA_arenas,,
The SummitLakewood Church Central CampusCompaq Center,16285.0,Basketball,https://en.wikipedia.org/wiki/List_of_NBA_arenas,,
Louisiana SuperdomeCaesars SuperdomeMercedes-Benz Superdome,55675.0,Basketball,https://en.wikipedia.org/wiki/List_of_NBA_arenas,,
McNichols Sports Arena,17171.0,Basketball,https://en.wikipedia.org/wiki/List_of_NBA_arenas,,
Pontiac SilverdomePontiac Metropolitan Stadium,33000.0,Basketball,https://en.wikipedia.org/wiki/List_of_NBA_arenas,,
Hartford Civic CenterXL CenterPeoplesBank Arena,16294.0,Basketball,https://en.wikipedia.org/wiki/List_of_NBA_arenas,,
Market Square Arena,16530.0,Basketball,https://en.wikipedia.org/wiki/List_of_NBA_arenas,,
Richfield Coliseum,20273.0,Basketball,https://en.wikipedia.org/wiki/List_of_NBA_arenas,,
Kemper ArenaHy-Vee ArenaMosaic Arena,16700.0,Basketball,https://en.wikipedia.org/wiki/List_of_NBA_arenas,,
US Airways ArenaCapital Centre,18756.0,Basketball,https://en.wikipedia.org/wiki/List_of_NBA_arenas,,
Omni Coliseum,16378.0,Basketball,https://en.wikipedia.org/wiki/List_of_NBA_arenas,,
Nassau Coliseum,14890.0,Basketball,https://en.wikipedia.org/wiki/List_of_NBA_arenas,,
Oracle ArenaOakland ArenaThe Arena in OaklandOakland-Alameda County Coliseum,19596.0,Basketball,https://en.wikipedia.org/wiki/List_of_NBA_arenas,,
Hofheinz PavilionFertitta Center,10000.0,Basketball,https://en.wikipedia.org/wiki/List_of_NBA_arenas,,
Salt Palace,12686.0,Basketball,https://en.wikipedia.org/wiki/List_of_NBA_arenas,,
Tarrant County Convention Center,16057.0,Basketball,https://en.wikipedia.org/wiki/List_of_NBA_arenas,,
HemisFair Arena,16057.0,Basketball,https://en.wikipedia.org/wiki/List_of_NBA_arenas,,
The ForumKia ForumGreat Western Forum,17505.0,Basketball,https://en.wikipedia.org/wiki/List_of_NBA_arenas,,
The SpectrumWachovia SpectrumFirst Union SpectrumCoreStates Spectrum,18176.0,Basketball,https://en.wikipedia.org/wiki/List_of_NBA_arenas,,
San Diego Sports ArenaPechanga ArenaValley View Casino CenteriPayOne CenterSan Diego International Sports Center,14500.0,Basketball,https://en.wikipedia.org/wiki/List_of_NBA_arenas,,
Arizona Veterans Memorial Coliseum,14870.0,Basketball,https://en.wikipedia.org/wiki/List_of_NBA_arenas,,
Baltimore Civic CenterCFG Bank ArenaRoyal Farms Arena1st Mariner ArenaBaltimore Arena,11271.0,Basketball,https://en.wikipedia.org/wiki/List_of_NBA_arenas,,
KeyArena at Seattle CenterClimate Pledge ArenaSeattle Center Coliseum,17072.0,Basketball,https://en.wikipedia.org/wiki/List_of_NBA_arenas,,
Long Beach Arena,13609.0,Basketball,https://en.wikipedia.org/wiki/List_of_NBA_arenas,,
Cobo Arena,12191.0,Basketball,https://en.wikipedia.org/wiki/List_of_NBA_arenas,,
Memorial ColiseumVeterans Memorial Coliseum,12888.0,Basketball,https://en.wikipedia.org/wiki/List_of_NBA_arenas,,
Los Angeles Memorial Sports Arena,16161.0,Basketball,https://en.wikipedia.org/wiki/List_of_NBA_arenas,,
USFWar Memorial Gymnasium,5300.0,Basketball,https://en.wikipedia.org/wiki/List_of_NBA_arenas,,
Dallas Memorial AuditoriumKay Bailey Hutchison Convention CenterDallas Convention Center,9815.0,Basketball,https://en.wikipedia.org/wiki/List_of_NBA_arenas,,
Long Island ArenaCommack Arena,6000.0,Basketball,https://en.wikipedia.org/wiki/List_of_NBA_arenas,,
Moody Coliseum,8998.0,Basketball,https://en.wikipedia.org/wiki/List_of_NBA_arenas,,
Alexander Memorial ColiseumHank McCamish PavilionAlexander Memorial Coliseum at McDonald's Center,9191.0,Basketball,https://en.wikipedia.org/wiki/List_of_NBA_arenas,,
Island Garden,5200.0,Basketball,https://en.wikipedia.org/wiki/List_of_NBA_arenas,,
Lubbock Municipal ColiseumCity Bank Coliseum,11200.0,Basketball,https://en.wikipedia.org/wiki/List_of_NBA_arenas,,
Rochester Community War MemorialBlue Cross Arena at War Memorial,12428.0,Basketball,https://en.wikipedia.org/wiki/List_of_NBA_arenas,,
Omaha Civic Auditorium,9300.0,Basketball,https://en.wikipedia.org/wiki/List_of_NBA_arenas,,
War Memorial Coliseum,10000.0,Basketball,https://en.wikipedia.org/wiki/List_of_NBA_arenas,,
Onondaga War Memorial,6230.0,Basketball,https://en.wikipedia.org/wiki/List_of_NBA_arenas,,
Loyola Field House,6500.0,Basketball,https://en.wikipedia.org/wiki/List_of_NBA_arenas,,
MECCA ArenaUW–Milwaukee Panther ArenaU.S. Cellular ArenaWisconsin Center ArenaMilwaukee Arena,10783.0,Basketball,https://en.wikipedia.org/wiki/List_of_NBA_arenas,,
Milwaukee ArenaUW–Milwaukee Panther ArenaU.S. Cellular ArenaWisconsin Center ArenaMECCA Arena,10783.0,Basketball,https://en.wikipedia.org/wiki/List_of_NBA_arenas,,
Denver Coliseum,9000.0,Basketball,https://en.wikipedia.org/wiki/List_of_NBA_arenas,,
Cincinnati Gardens,11000.0,Basketball,https://en.wikipedia.org/wiki/List_of_NBA_arenas,,
Cow Palace,12953.0,Basketball,https://en.wikipedia.org/wiki/List_of_NBA_arenas,,
Buffalo Memorial Auditorium,15280.0,Basketball,https://en.wikipedia.org/wiki/List_of_NBA_arenas,,
Indiana State Fairgrounds ColiseumIndiana Farmers ColiseumFairgrounds ColiseumPepsi Coliseum,10000.0,Basketball,https://en.wikipedia.org/wiki/List_of_NBA_arenas,,
Cleveland Arena,10000.0,Basketball,https://en.wikipedia.org/wiki/List_of_NBA_arenas,,
Minneapolis Armory,10000.0,Basketball,https://en.wikipedia.org/wiki/List_of_NBA_arenas,,
Teaneck Armory,5500.0,Basketball,https://en.wikipedia.org/wiki/List_of_NBA_arenas,,
Kiel Auditorium,9300.0,Basketball,https://en.wikipedia.org/wiki/List_of_NBA_arenas,,
International Amphitheatre,9000.0,Basketball,https://en.wikipedia.org/wiki/List_of_NBA_arenas,,
Maple Leaf Gardens,17000.0,Basketball,https://en.wikipedia.org/wiki/List_of_NBA_arenas,,
Municipal Auditorium,12000.0,Basketball,https://en.wikipedia.org/wiki/List_of_NBA_arenas,,
Chicago Stadium,18676.0,Basketball,https://en.wikipedia.org/wiki/List_of_NBA_arenas,,
St. Louis ArenaThe Checkerdome,20000.0,Basketball,https://en.wikipedia.org/wiki/List_of_NBA_arenas,,
Boston GardenBoston Madison Square Garden,14890.0,Basketball,https://en.wikipedia.org/wiki/List_of_NBA_arenas,,
Wharton Field House,6000.0,Basketball,https://en.wikipedia.org/wiki/List_of_NBA_arenas,,
Minneapolis Auditorium,10000.0,Basketball,https://en.wikipedia.org/wiki/List_of_NBA_arenas,,
State Fair Coliseum,7500.0,Basketball,https://en.wikipedia.org/wiki/List_of_NBA_arenas,,
North Side High School Gym,3000.0,Basketball,https://en.wikipedia.org/wiki/List_of_NBA_arenas,,
Olympia Stadium,15000.0,Basketball,https://en.wikipedia.org/wiki/List_of_NBA_arenas,,
Madison Square Garden,16000.0,Basketball,https://en.wikipedia.org/wiki/List_of_NBA_arenas,,
San Francisco Civic AuditoriumBill Graham Civic Auditorium,7000.0,Basketball,https://en.wikipedia.org/wiki/List_of_NBA_arenas,,
Boston ArenaMatthews Arena,5900.0,Basketball,https://en.wikipedia.org/wiki/List_of_NBA_arenas,,
Denver Auditorium Arena,6841.0,Basketball,https://en.wikipedia.org/wiki/List_of_NBA_arenas,,
Chicago Coliseum,7000.0,Basketball,https://en.wikipedia.org/wiki/List_of_NBA_arenas,,
Edgerton Park Arena,4200.0,Basketball,https://en.wikipedia.org/wiki/List_of_NBA_arenas,,
New Orleans PelicansNew Orleans HornetsNew Orleans/Oklahoma City Hornets,2005.0,Basketball,https://en.wikipedia.org/wiki/List_of_NBA_arenas,,
Chicago Stags,1946.0,Basketball,https://en.wikipedia.org/wiki/List_of_NBA_arenas,,
T-Mobile Arena[p],2023.0,Basketball,https://en.wikipedia.org/wiki/List_of_NBA_arenas,,
Toronto Huskies,1946.0,Basketball,https://en.wikipedia.org/wiki/List_of_NBA_arenas,,
Indianapolis JetsIndianapolis Kautskys,1948.0,Basketball,https://en.wikipedia.org/wiki/List_of_NBA_arenas,,
Indianapolis Olympians,1949.0,Basketball,https://en.wikipedia.org/wiki/List_of_NBA_arenas,,
Detroit Falcons,1946.0,Basketball,https://en.wikipedia.org/wiki/List_of_NBA_arenas,,
St. Louis Bombers,1946.0,Basketball,https://en.wikipedia.org/wiki/List_of_NBA_arenas,,
Denver Nuggets,1948.0,Basketball,https://en.wikipedia.org/wiki/List_of_NBA_arenas,,
Cleveland Rebels,1946.0,Basketball,https://en.wikipedia.org/wiki/List_of_NBA_arenas,,
Anderson Packers,1949.0,Basketball,https://en.wikipedia.org/wiki/List_of_NBA_arenas,,
Washington Capitols,1946.0,Basketball,https://en.wikipedia.org/wiki/List_of_NBA_arenas,,
Greensboro Coliseum Complex,1967.0,Basketball,https://en.wikipedia.org/wiki/List_of_NBA_arenas,,
Pittsburgh Ironmen,1946.0,Basketball,https://en.wikipedia.org/wiki/List_of_NBA_arenas,,
Waterloo Hawks,1948.0,Basketball,https://en.wikipedia.org/wiki/List_of_NBA_arenas,,
Providence Steamrollers,1946.0,Basketball,https://en.wikipedia.org/wiki/List_of_NBA_arenas,,
Baltimore Bullets,1944.0,Basketball,https://en.wikipedia.org/wiki/List_of_NBA_arenas,,
Sheboygan RedskinsEnzo Jels,1942.0,Basketball,https://en.wikipedia.org/wiki/List_of_NBA_arenas,,
Continental Coliseum,,Basketball,https://en.wikipedia.org/wiki/List_of_NBA_arenas,,
New South Philadelphia Arena,,Basketball,https://en.wikipedia.org/wiki/List_of_NBA_arenas,,
New Irving Arena,,Basketball,https://en.wikipedia.org/wiki/List_of_NBA_arenas,,
New Spurs Arena,,Basketball,https://en.wikipedia.org/wiki/List_of_NBA_arenas,,
Team[8],,Basketball,https://en.wikipedia.org/wiki/List_of_NBA_arenas,,
Philadelphia Arena,1920.0,Basketball,https://en.wikipedia.org/wiki/List_of_NBA_arenas,,
Team,,Basketball,https://en.wikipedia.org/wiki/List_of_NBA_arenas,,
Eagle Auditorium,1200.0,Basketball,https://en.wikipedia.org/wiki/List_of_NBA_arenas,,
Arena,,Basketball,https://en.wikipedia.org/wiki/List_of_NBA_arenas,,
Duquesne Gardens,1953.0,Basketball,https://en.wikipedia.org/wiki/List_of_NBA_arenas,,
Civic Arena,1964.0,Basketball,https://en.wikipedia.org/wiki/List_of_NBA_arenas,,
Charleston Civic Center,1965.0,Basketball,https://en.wikipedia.org/wiki/List_of_NBA_arenas,,
Mid-South Coliseum,1966.0,Basketball,https://en.wikipedia.org/wiki/List_of_NBA_arenas,,
Curtis Hixon Hall,1967.0,Basketball,https://en.wikipedia.org/wiki/List_of_NBA_arenas,,
St. Paul Auditorium,1967.0,Basketball,https://en.wikipedia.org/wiki/List_of_NBA_arenas,,
Tokyo Metropolitan Gymnasium,1990.0,Basketball,https://en.wikipedia.org/wiki/List_of_NBA_arenas,,
Yokohama Arena,1992.0,Basketball,https://en.wikipedia.org/wiki/List_of_NBA_arenas,,
Tokyo Dome,1996.0,Basketball,https://en.wikipedia.org/wiki/List_of_NBA_arenas,,
Palacio de los Deportes,1997.0,Basketball,https://en.wikipedia.org/wiki/List_of_NBA_arenas,,
Saitama Super Arena,2003.0,Basketball,https://en.wikipedia.org/wiki/List_of_NBA_arenas,,
The O2 Arena,2011.0,Basketball,https://en.wikipedia.org/wiki/List_of_NBA_arenas,,
Bell Centre,2012.0,Basketball,https://en.wikipedia.org/wiki/List_of_NBA_arenas,Montreal,Canada
MTS Centre,2012.0,Basketball,https://en.wikipedia.org/wiki/List_of_NBA_arenas,,
Mexico City Arena,2014.0,Basketball,https://en.wikipedia.org/wiki/List_of_NBA_arenas,Mexico City,Mexico
Canadian Tire Centre,2015.0,Basketball,https://en.wikipedia.org/wiki/List_of_NBA_arenas,Ottawa,Canada
Scotiabank Saddledome,2016.0,Basketball,https://en.wikipedia.org/wiki/List_of_NBA_arenas,Calgary,Canada
Accor Arena,2020.0,Basketball,https://en.wikipedia.org/wiki/List_of_NBA_arenas,Paris,France
ESPN Wide World of Sports Complex[o],2020.0,Basketball,https://en.wikipedia.org/wiki/List_of_NBA_arenas,,
Rogers Place,2022.0,Basketball,https://en.wikipedia.org/wiki/List_of_NBA_arenas,Edmonton,Canada
Uber Arena,2026.0,Basketball,https://en.wikipedia.org/wiki/List_of_NBA_arenas,,
Narendra Modi Stadium,,Cricket,https://en.wikipedia.org/wiki/List_of_cricket_grounds_by_capacity,,
Melbourne Cricket Ground,,Cricket,https://en.wikipedia.org/wiki/List_of_cricket_grounds_by_capacity,,
Eden Gardens,,Cricket,https://en.wikipedia.org/wiki/List_of_cricket_grounds_by_capacity,,
Shaheed Veer Narayan Singh International Cricket Stadium,,Cricket,https://en.wikipedia.org/wiki/List_of_cricket_grounds_by_capacity,,
Perth Stadium,,Cricket,https://en.wikipedia.org/wiki/List_of_cricket_grounds_by_capacity,,
Adelaide Oval,,Cricket,https://en.wikipedia.org/wiki/List_of_cricket_grounds_by_capacity,,
Singapore National Stadium,,Cricket,https://en.wikipedia.org/wiki/List_of_cricket_grounds_by_capacity,,
The Sports Hub Trivandrum,,Cricket,https://en.wikipedia.org/wiki/List_of_cricket_grounds_by_capacity,,
Bharat Ratna Shri Atal Bihari Vajpayee Ekana Cricket Stadium,,Cricket,https://en.wikipedia.org/wiki/List_of_cricket_grounds_by_capacity,,
JSCA International Cricket Stadium,,Cricket,https://en.wikipedia.org/wiki/List_of_cricket_grounds_by_capacity,,
Brabourne Stadium,,Cricket,https://en.wikipedia.org/wiki/List_of_cricket_grounds_by_capacity,,
Shrimant Madhavrao Scindia Cricket Stadium,,Cricket,https://en.wikipedia.org/wiki/List_of_cricket_grounds_by_capacity,,
Docklands Stadium,,Cricket,https://en.wikipedia.org/wiki/List_of_cricket_grounds_by_capacity,,
Sydney Cricket Ground,,Cricket,https://en.wikipedia.org/wiki/List_of_cricket_grounds_by_capacity,,
Assam Cricket Association Stadium,,Cricket,https://en.wikipedia.org/wiki/List_of_cricket_grounds_by_capacity,,
DY Patil Stadium,,Cricket,https://en.wikipedia.org/wiki/List_of_cricket_grounds_by_capacity,,
Vidarbha Cricket Association Stadium,,Cricket,https://en.wikipedia.org/wiki/List_of_cricket_grounds_by_capacity,,
Barabati Stadium,,Cricket,https://en.wikipedia.org/wiki/List_of_cricket_grounds_by_capacity,,
Saifai International Cricket Stadium,,Cricket,https://en.wikipedia.org/wiki/List_of_cricket_grounds_by_capacity,,
Maharashtra Cricket Association Stadium,,Cricket,https://en.wikipedia.org/wiki/List_of_cricket_grounds_by_capacity,,
Eden Park,,Cricket,https://en.wikipedia.org/wiki/List_of_cricket_grounds_by_capacity,,
The Gabba,,Cricket,https://en.wikipedia.org/wiki/List_of_cricket_grounds_by_capacity,,
Maharaja Yadavindra Singh International Cricket Stadium,,Cricket,https://en.wikipedia.org/wiki/List_of_cricket_grounds_by_capacity,,
Baroda Cricket Association Stadium,,Cricket,https://en.wikipedia.org/wiki/List_of_cricket_grounds_by_capacity,,
M. Chinnaswamy Stadium,,Cricket,https://en.wikipedia.org/wiki/List_of_cricket_grounds_by_capacity,,
Barkatullah Khan Stadium,,Cricket,https://en.wikipedia.org/wiki/List_of_cricket_grounds_by_capacity,,
Kardinia Park,,Cricket,https://en.wikipedia.org/wiki/List_of_cricket_grounds_by_capacity,,
Rajiv Gandhi International Cricket Stadium,,Cricket,https://en.wikipedia.org/wiki/List_of_cricket_grounds_by_capacity,,
M.A. Chidambaram Stadium,,Cricket,https://en.wikipedia.org/wiki/List_of_cricket_grounds_by_capacity,,
Arun Jaitley Stadium,,Cricket,https://en.wikipedia.org/wiki/List_of_cricket_grounds_by_capacity,,
Udaipur International Cricket Stadium,,Cricket,https://en.wikipedia.org/wiki/List_of_cricket_grounds_by_capacity,,
Multan Cricket Stadium,,Cricket,https://en.wikipedia.org/wiki/List_of_cricket_grounds_by_capacity,,
Galle International Stadium,,Cricket,https://en.wikipedia.org/wiki/List_of_cricket_grounds_by_capacity,,
Mahinda Rajapaksa International Cricket Stadium,,Cricket,https://en.wikipedia.org/wiki/List_of_cricket_grounds_by_capacity,,
R. Premadasa Stadium,,Cricket,https://en.wikipedia.org/wiki/List_of_cricket_grounds_by_capacity,,
Pallekele International Cricket Stadium,,Cricket,https://en.wikipedia.org/wiki/List_of_cricket_grounds_by_capacity,,
Sky Stadium,,Cricket,https://en.wikipedia.org/wiki/List_of_cricket_grounds_by_capacity,,
Imran Khan Cricket Stadium,,Cricket,https://en.wikipedia.org/wiki/List_of_cricket_grounds_by_capacity,,
Gaddafi Stadium,,Cricket,https://en.wikipedia.org/wiki/List_of_cricket_grounds_by_capacity,,
Wanderers Stadium,,Cricket,https://en.wikipedia.org/wiki/List_of_cricket_grounds_by_capacity,,
Wankhede Stadium,,Cricket,https://en.wikipedia.org/wiki/List_of_cricket_grounds_by_capacity,,
Green Park Stadium,,Cricket,https://en.wikipedia.org/wiki/List_of_cricket_grounds_by_capacity,,
Lord's,,Cricket,https://en.wikipedia.org/wiki/List_of_cricket_grounds_by_capacity,,
Ispat Stadium,,Cricket,https://en.wikipedia.org/wiki/List_of_cricket_grounds_by_capacity,,
Chandigarh Cricket Stadium,,Cricket,https://en.wikipedia.org/wiki/List_of_cricket_grounds_by_capacity,,
Holkar Cricket Stadium,,Cricket,https://en.wikipedia.org/wiki/List_of_cricket_grounds_by_capacity,,
National Stadium,,Cricket,https://en.wikipedia.org/wiki/List_of_cricket_grounds_by_capacity,,
PCA-IS Bindra Stadium,,Cricket,https://en.wikipedia.org/wiki/List_of_cricket_grounds_by_capacity,,
Niranjan Shah Stadium,,Cricket,https://en.wikipedia.org/wiki/List_of_cricket_grounds_by_capacity,,
The Oval,,Cricket,https://en.wikipedia.org/wiki/List_of_cricket_grounds_by_capacity,,
Dr. YS Rajasekhara Reddy ACA–VDCA Cricket Stadium,,Cricket,https://en.wikipedia.org/wiki/List_of_cricket_grounds_by_capacity,,
Old Trafford,,Cricket,https://en.wikipedia.org/wiki/List_of_cricket_grounds_by_capacity,Manchester,England
Sher-e-Bangla Cricket Stadium,,Cricket,https://en.wikipedia.org/wiki/List_of_cricket_grounds_by_capacity,,
Central Broward Park,,Cricket,https://en.wikipedia.org/wiki/List_of_cricket_grounds_by_capacity,,
Salem Cricket Foundation Stadium,,Cricket,https://en.wikipedia.org/wiki/List_of_cricket_grounds_by_capacity,,
K.D. Singh Babu Stadium,,Cricket,https://en.wikipedia.org/wiki/List_of_cricket_grounds_by_capacity,,
Queen's Park Oval,,Cricket,https://en.wikipedia.org/wiki/List_of_cricket_grounds_by_capacity,,
Dubai International Cricket Stadium,,Cricket,https://en.wikipedia.org/wiki/List_of_cricket_grounds_by_capacity,,
Dehradun International Cricket Stadium,,Cricket,https://en.wikipedia.org/wiki/List_of_cricket_grounds_by_capacity,,
Greenfield Stadium,,Cricket,https://en.wikipedia.org/wiki/List_of_cricket_grounds_by_capacity,,
Carrara Stadium,,Cricket,https://en.wikipedia.org/wiki/List_of_cricket_grounds_by_capacity,,
Khan Shaheb Osman Ali Stadium,,Cricket,https://en.wikipedia.org/wiki/List_of_cricket_grounds_by_capacity,,
Kingsmead Cricket Ground,,Cricket,https://en.wikipedia.org/wiki/List_of_cricket_grounds_by_capacity,,
Newlands Cricket Ground,,Cricket,https://en.wikipedia.org/wiki/List_of_cricket_grounds_by_capacity,,
Rose Bowl,,Cricket,https://en.wikipedia.org/wiki/List_of_cricket_grounds_by_capacity,Pasadena,USA
Edgbaston Cricket Ground,,Cricket,https://en.wikipedia.org/wiki/List_of_cricket_grounds_by_capacity,,
Sydney Showground Stadium,,Cricket,https://en.wikipedia.org/wiki/List_of_cricket_grounds_by_capacity,,
Sawai Mansingh Stadium,,Cricket,https://en.wikipedia.org/wiki/List_of_cricket_grounds_by_capacity,,
HPCA Stadium,,Cricket,https://en.wikipedia.org/wiki/List_of_cricket_grounds_by_capacity,,
Zohur Ahmed Chowdhury Stadium,,Cricket,https://en.wikipedia.org/wiki/List_of_cricket_grounds_by_capacity,,
Centurion Park,,Cricket,https://en.wikipedia.org/wiki/List_of_cricket_grounds_by_capacity,,
WACA Ground,,Cricket,https://en.wikipedia.org/wiki/List_of_cricket_grounds_by_capacity,,
North Sydney Oval,,Cricket,https://en.wikipedia.org/wiki/List_of_cricket_grounds_by_capacity,,
Tribhuvan University International Cricket Ground,,Cricket,https://en.wikipedia.org/wiki/List_of_cricket_grounds_by_capacity,,
Queen's Park,,Cricket,https://en.wikipedia.org/wiki/List_of_cricket_grounds_by_capacity,,
Jinnah Stadium,,Cricket,https://en.wikipedia.org/wiki/List_of_cricket_grounds_by_capacity,,
Mangaung Oval,,Cricket,https://en.wikipedia.org/wiki/List_of_cricket_grounds_by_capacity,,
Veer Surendra Sai Stadium,,Cricket,https://en.wikipedia.org/wiki/List_of_cricket_grounds_by_capacity,,
Willowmoore Park,,Cricket,https://en.wikipedia.org/wiki/List_of_cricket_grounds_by_capacity,,
Sabina Park,,Cricket,https://en.wikipedia.org/wiki/List_of_cricket_grounds_by_capacity,,
Sheikh Zayed Cricket Stadium,,Cricket,https://en.wikipedia.org/wiki/List_of_cricket_grounds_by_capacity,,
Bellerive Oval,,Cricket,https://en.wikipedia.org/wiki/List_of_cricket_grounds_by_capacity,,
McLean Park,,Cricket,https://en.wikipedia.org/wiki/List_of_cricket_grounds_by_capacity,,
Queenstown Events Centre,,Cricket,https://en.wikipedia.org/wiki/List_of_cricket_grounds_by_capacity,,
St George's Park Cricket Ground,,Cricket,https://en.wikipedia.org/wiki/List_of_cricket_grounds_by_capacity,,
York Park,,Cricket,https://en.wikipedia.org/wiki/List_of_cricket_grounds_by_capacity,,
Sylhet International Cricket Stadium,,Cricket,https://en.wikipedia.org/wiki/List_of_cricket_grounds_by_capacity,,
Headingley,,Cricket,https://en.wikipedia.org/wiki/List_of_cricket_grounds_by_capacity,,
Arnos Vale Stadium,,Cricket,https://en.wikipedia.org/wiki/List_of_cricket_grounds_by_capacity,,
Captain Roop Singh Stadium,,Cricket,https://en.wikipedia.org/wiki/List_of_cricket_grounds_by_capacity,,
Iqbal Stadium,,Cricket,https://en.wikipedia.org/wiki/List_of_cricket_grounds_by_capacity,,
Senwes Park,,Cricket,https://en.wikipedia.org/wiki/List_of_cricket_grounds_by_capacity,,
Hagley Oval,,Cricket,https://en.wikipedia.org/wiki/List_of_cricket_grounds_by_capacity,,
Rangpur Riders Cricket Arena,,Cricket,https://en.wikipedia.org/wiki/List_of_cricket_grounds_by_capacity,,
Riverside Ground,,Cricket,https://en.wikipedia.org/wiki/List_of_cricket_grounds_by_capacity,,
Trent Bridge,,Cricket,https://en.wikipedia.org/wiki/List_of_cricket_grounds_by_capacity,,
Rangiri Dambulla International Stadium,,Cricket,https://en.wikipedia.org/wiki/List_of_cricket_grounds_by_capacity,,
Sharjah Cricket Stadium,,Cricket,https://en.wikipedia.org/wiki/List_of_cricket_grounds_by_capacity,,
Quaid-e-Azam Stadium,,Cricket,https://en.wikipedia.org/wiki/List_of_cricket_grounds_by_capacity,,
Sheikh Abu Naser Stadium,,Cricket,https://en.wikipedia.org/wiki/List_of_cricket_grounds_by_capacity,,
Buffalo Park,,Cricket,https://en.wikipedia.org/wiki/List_of_cricket_grounds_by_capacity,,
Pokhara International Cricket Stadium,,Cricket,https://en.wikipedia.org/wiki/List_of_cricket_grounds_by_capacity,,
County Cricket Ground,,Cricket,https://en.wikipedia.org/wiki/List_of_cricket_grounds_by_capacity,,
Grand Prairie Stadium,,Cricket,https://en.wikipedia.org/wiki/List_of_cricket_grounds_by_capacity,,
Sophia Gardens,,Cricket,https://en.wikipedia.org/wiki/List_of_cricket_grounds_by_capacity,,
St Lawrence Ground,,Cricket,https://en.wikipedia.org/wiki/List_of_cricket_grounds_by_capacity,,
Owen Delany Park,,Cricket,https://en.wikipedia.org/wiki/List_of_cricket_grounds_by_capacity,,
Providence Stadium,,Cricket,https://en.wikipedia.org/wiki/List_of_cricket_grounds_by_capacity,,
Madhavrao Scindia Cricket Ground,,Cricket,https://en.wikipedia.org/wiki/List_of_cricket_grounds_by_capacity,,
Brian Lara Stadium,,Cricket,https://en.wikipedia.org/wiki/List_of_cricket_grounds_by_capacity,,
Niaz Stadium,,Cricket,https://en.wikipedia.org/wiki/List_of_cricket_grounds_by_capacity,,
Rawalpindi Cricket Stadium,,Cricket,https://en.wikipedia.org/wiki/List_of_cricket_grounds_by_capacity,,
P. Sara Oval,,Cricket,https://en.wikipedia.org/wiki/List_of_cricket_grounds_by_capacity,,
Shaheed Chandu Stadium,,Cricket,https://en.wikipedia.org/wiki/List_of_cricket_grounds_by_capacity,,
West End Park International Cricket Stadium,,Cricket,https://en.wikipedia.org/wiki/List_of_cricket_grounds_by_capacity,,
Devonport Oval,,Cricket,https://en.wikipedia.org/wiki/List_of_cricket_grounds_by_capacity,,
Kandahar International Cricket Stadium,,Cricket,https://en.wikipedia.org/wiki/List_of_cricket_grounds_by_capacity,,
Darren Sammy Cricket Ground,,Cricket,https://en.wikipedia.org/wiki/List_of_cricket_grounds_by_capacity,,
Cazaly Stadium,,Cricket,https://en.wikipedia.org/wiki/List_of_cricket_grounds_by_capacity,,
Marrara Oval,,Cricket,https://en.wikipedia.org/wiki/List_of_cricket_grounds_by_capacity,,
County Ground,,Cricket,https://en.wikipedia.org/wiki/List_of_cricket_grounds_by_capacity,,
Windsor Park,,Cricket,https://en.wikipedia.org/wiki/List_of_cricket_grounds_by_capacity,,
Manuka Oval,,Cricket,https://en.wikipedia.org/wiki/List_of_cricket_grounds_by_capacity,,
Guanggong International Cricket Stadium,,Cricket,https://en.wikipedia.org/wiki/List_of_cricket_grounds_by_capacity,,
Malahide Cricket Club Ground,,Cricket,https://en.wikipedia.org/wiki/List_of_cricket_grounds_by_capacity,,
North Marine Road Ground,,Cricket,https://en.wikipedia.org/wiki/List_of_cricket_grounds_by_capacity,,
Kensington Oval,,Cricket,https://en.wikipedia.org/wiki/List_of_cricket_grounds_by_capacity,,
De Beers Diamond Oval,,Cricket,https://en.wikipedia.org/wiki/List_of_cricket_grounds_by_capacity,,
Sir Vivian Richards Stadium,,Cricket,https://en.wikipedia.org/wiki/List_of_cricket_grounds_by_capacity,,
Harare Sports Club,,Cricket,https://en.wikipedia.org/wiki/List_of_cricket_grounds_by_capacity,,
Riverway Stadium,,Cricket,https://en.wikipedia.org/wiki/List_of_cricket_grounds_by_capacity,,
Coffs Harbour International Stadium,,Cricket,https://en.wikipedia.org/wiki/List_of_cricket_grounds_by_capacity,,
Great Barrier Reef Arena,,Cricket,https://en.wikipedia.org/wiki/List_of_cricket_grounds_by_capacity,,
Muzaffarabad Cricket Stadium,,Cricket,https://en.wikipedia.org/wiki/List_of_cricket_grounds_by_capacity,,
Boland Park,,Cricket,https://en.wikipedia.org/wiki/List_of_cricket_grounds_by_capacity,,
Prairie View Cricket Complex,,Cricket,https://en.wikipedia.org/wiki/List_of_cricket_grounds_by_capacity,,
Georgetown Cricket Club Ground,,Cricket,https://en.wikipedia.org/wiki/List_of_cricket_grounds_by_capacity,,
North Tasmania Cricket Association Ground,,Cricket,https://en.wikipedia.org/wiki/List_of_cricket_grounds_by_capacity,,
Newcastle Number 1 Sports Ground,,Cricket,https://en.wikipedia.org/wiki/List_of_cricket_grounds_by_capacity,,
Queens Sports Club,,Cricket,https://en.wikipedia.org/wiki/List_of_cricket_grounds_by_capacity,,
Bermuda National Stadium,,Cricket,https://en.wikipedia.org/wiki/List_of_cricket_grounds_by_capacity,,
Bankstown Oval,,Cricket,https://en.wikipedia.org/wiki/List_of_cricket_grounds_by_capacity,,
TCA Ground,,Cricket,https://en.wikipedia.org/wiki/List_of_cricket_grounds_by_capacity,,
Namibia Cricket Ground,,Cricket,https://en.wikipedia.org/wiki/List_of_cricket_grounds_by_capacity,,
Traeger Park,,Cricket,https://en.wikipedia.org/wiki/List_of_cricket_grounds_by_capacity,,
Junction Oval,,Cricket,https://en.wikipedia.org/wiki/List_of_cricket_grounds_by_capacity,,
Gymkhana Club Ground,,Cricket,https://en.wikipedia.org/wiki/List_of_cricket_grounds_by_capacity,,
Maple Leaf Cricket Club,,Cricket,https://en.wikipedia.org/wiki/List_of_cricket_grounds_by_capacity,,
Allan Border Field,,Cricket,https://en.wikipedia.org/wiki/List_of_cricket_grounds_by_capacity,,
Grace Road,,Cricket,https://en.wikipedia.org/wiki/List_of_cricket_grounds_by_capacity,,
"County Cricket Ground, Hove",,Cricket,https://en.wikipedia.org/wiki/List_of_cricket_grounds_by_capacity,,
Stormont,,Cricket,https://en.wikipedia.org/wiki/List_of_cricket_grounds_by_capacity,,
Mannofield Park,,Cricket,https://en.wikipedia.org/wiki/List_of_cricket_grounds_by_capacity,,
Titwood,,Cricket,https://en.wikipedia.org/wiki/List_of_cricket_grounds_by_capacity,,
Drummoyne Oval,,Cricket,https://en.wikipedia.org/wiki/List_of_cricket_grounds_by_capacity,,
University Oval,,Cricket,https://en.wikipedia.org/wiki/List_of_cricket_grounds_by_capacity,,
Alokozay Kabul International Cricket Ground,,Cricket,https://en.wikipedia.org/wiki/List_of_cricket_grounds_by_capacity,,
Khost Cricket Stadium,,Cricket,https://en.wikipedia.org/wiki/List_of_cricket_grounds_by_capacity,,
New Road,,Cricket,https://en.wikipedia.org/wiki/List_of_cricket_grounds_by_capacity,,
North Dalton Park,,Cricket,https://en.wikipedia.org/wiki/List_of_cricket_grounds_by_capacity,,
Hurstville Oval,,Cricket,https://en.wikipedia.org/wiki/List_of_cricket_grounds_by_capacity,,
Bradman Oval,,Cricket,https://en.wikipedia.org/wiki/List_of_cricket_grounds_by_capacity,,
"Sports Stadium, Berhampur",,Cricket,https://en.wikipedia.org/wiki/List_of_cricket_grounds_by_capacity,,
Karen Rolton Oval,,Cricket,https://en.wikipedia.org/wiki/List_of_cricket_grounds_by_capacity,,
Lugogo Stadium,,Cricket,https://en.wikipedia.org/wiki/List_of_cricket_grounds_by_capacity,,
Shenzhen Universiade Sports Centre,,Cricket,https://en.wikipedia.org/wiki/List_of_cricket_grounds_by_capacity,,
National Cricket Stadium,,Cricket,https://en.wikipedia.org/wiki/List_of_cricket_grounds_by_capacity,,
The Grange Club,,Cricket,https://en.wikipedia.org/wiki/List_of_cricket_grounds_by_capacity,,
Ajman Oval,,Cricket,https://en.wikipedia.org/wiki/List_of_cricket_grounds_by_capacity,,
Toronto Cricket Club,,Cricket,https://en.wikipedia.org/wiki/List_of_cricket_grounds_by_capacity,,
VRA Cricket Ground,,Cricket,https://en.wikipedia.org/wiki/List_of_cricket_grounds_by_capacity,,
St Helen's Rugby and Cricket Ground,,Cricket,https://en.wikipedia.org/wiki/List_of_cricket_grounds_by_capacity,,
Mulpani International Cricket Ground,,Cricket,https://en.wikipedia.org/wiki/List_of_cricket_grounds_by_capacity,,
Terdthai Cricket Ground,,Cricket,https://en.wikipedia.org/wiki/List_of_cricket_grounds_by_capacity,,
Church Street Park,,Cricket,https://en.wikipedia.org/wiki/List_of_cricket_grounds_by_capacity,,
Goldenacre Sports Ground,,Cricket,https://en.wikipedia.org/wiki/List_of_cricket_grounds_by_capacity,,
Mission Road Ground,,Cricket,https://en.wikipedia.org/wiki/List_of_cricket_grounds_by_capacity,,
Oman Cricket Academy Ground1,,Cricket,https://en.wikipedia.org/wiki/List_of_cricket_grounds_by_capacity,,
Yeonhui Cricket Ground,,Cricket,https://en.wikipedia.org/wiki/List_of_cricket_grounds_by_capacity,,
La Manga Club Ground,,Cricket,https://en.wikipedia.org/wiki/List_of_cricket_grounds_by_capacity,,
Moosa Stadium,,Cricket,https://en.wikipedia.org/wiki/List_of_cricket_grounds_by_capacity,,
Amini Park,,Cricket,https://en.wikipedia.org/wiki/List_of_cricket_grounds_by_capacity,,
Three Ws Oval,,Cricket,https://en.wikipedia.org/wiki/List_of_cricket_grounds_by_capacity,,
Oman Cricket Academy Ground2,,Cricket,https://en.wikipedia.org/wiki/List_of_cricket_grounds_by_capacity,,
Sano Cricket Ground,,Cricket,https://en.wikipedia.org/wiki/List_of_cricket_grounds_by_capacity,,
Jaffery Sports Club Ground,,Cricket,https://en.wikipedia.org/wiki/List_of_cricket_grounds_by_capacity,,
Simba Union Ground,,Cricket,https://en.wikipedia.org/wiki/List_of_cricket_grounds_by_capacity,,
Royal Brussels Cricket Club,,Cricket,https://en.wikipedia.org/wiki/List_of_cricket_grounds_by_capacity,,
Hong Kong Cricket Club,,Cricket,https://en.wikipedia.org/wiki/List_of_cricket_grounds_by_capacity,,
Pingfeng Campus Cricket Field,,Cricket,https://en.wikipedia.org/wiki/List_of_cricket_grounds_by_capacity,,
Pierre Werner Cricket Ground,,Cricket,https://en.wikipedia.org/wiki/List_of_cricket_grounds_by_capacity,,
Mombasa Sports Club Ground,,Cricket,https://en.wikipedia.org/wiki/List_of_cricket_grounds_by_capacity,,
Ruaraka Sports Club Ground,,Cricket,https://en.wikipedia.org/wiki/List_of_cricket_grounds_by_capacity,,
White Hill Field,,Cricket,https://en.wikipedia.org/wiki/List_of_cricket_grounds_by_capacity,,
Kowloon Cricket Club,,Cricket,https://en.wikipedia.org/wiki/List_of_cricket_grounds_by_capacity,,
Estadio Belgrano Athletic,,Cricket,https://en.wikipedia.org/wiki/List_of_cricket_grounds_by_capacity,,
Anil Agarwal Stadium,,Cricket,https://en.wikipedia.org/wiki/List_of_cricket_grounds_by_capacity,,
Shree Ram Janaki International Cricket Stadium,,Cricket,https://en.wikipedia.org/wiki/List_of_cricket_grounds_by_capacity,,
Gautam Buddha International Cricket Stadium,,Cricket,https://en.wikipedia.org/wiki/List_of_cricket_grounds_by_capacity,,
Purbachal International Cricket Stadium,,Cricket,https://en.wikipedia.org/wiki/List_of_cricket_grounds_by_capacity,,
Rajgir International Cricket Stadium,,Cricket,https://en.wikipedia.org/wiki/List_of_cricket_grounds_by_capacity,,
Rafi Cricket Stadium,,Cricket,https://en.wikipedia.org/wiki/List_of_cricket_grounds_by_capacity,,
Girija Prasad Koirala Cricket Stadium,,Cricket,https://en.wikipedia.org/wiki/List_of_cricket_grounds_by_capacity,,
Fapla International Cricket Ground,,Cricket,https://en.wikipedia.org/wiki/List_of_cricket_grounds_by_capacity,,
Jaffna International Cricket Stadium,,Cricket,https://en.wikipedia.org/wiki/List_of_cricket_grounds_by_capacity,,
Deukhuri International Cricket Stadium,,Cricket,https://en.wikipedia.org/wiki/List_of_cricket_grounds_by_capacity,,
ACA International Cricket Stadium,,Cricket,https://en.wikipedia.org/wiki/List_of_cricket_grounds_by_capacity,,
Varanasi Cricket Stadium,,Cricket,https://en.wikipedia.org/wiki/List_of_cricket_grounds_by_capacity,,
Dang International Cricket Stadium,,Cricket,https://en.wikipedia.org/wiki/List_of_cricket_grounds_by_capacity,,
Mulpani Cricket Stadium,,Cricket,https://en.wikipedia.org/wiki/List_of_cricket_grounds_by_capacity,,
Extra Tech Oval Cricket Stadium,,Cricket,https://en.wikipedia.org/wiki/List_of_cricket_grounds_by_capacity,,
Kalinchowk International Cricket Ground,,Cricket,https://en.wikipedia.org/wiki/List_of_cricket_grounds_by_capacity,,
LaGrange Cricket Stadium,,Cricket,https://en.wikipedia.org/wiki/List_of_cricket_grounds_by_capacity,,
Breybourne Cricket Stadium,,Cricket,https://en.wikipedia.org/wiki/List_of_cricket_grounds_by_capacity,,
Macquarie Point Stadium,,Cricket,https://en.wikipedia.org/wiki/List_of_cricket_grounds_by_capacity,,
Marylebone Jwala Cricket Ground,,Cricket,https://en.wikipedia.org/wiki/List_of_cricket_grounds_by_capacity,,
Gauritar International Cricket Stadium[39][40],,Cricket,https://en.wikipedia.org/wiki/List_of_cricket_grounds_by_capacity,,
Farington Cricket Ground,,Cricket,https://en.wikipedia.org/wiki/List_of_cricket_grounds_by_capacity,,
Siddhartha Cricket Ground,,Cricket,https://en.wikipedia.org/wiki/List_of_cricket_grounds_by_capacity,,
Kajini International Cricket Ground,,Cricket,https://en.wikipedia.org/wiki/List_of_cricket_grounds_by_capacity,,
Sydney Showground,,Cricket,https://en.wikipedia.org/wiki/List_of_cricket_grounds_by_capacity,,
Jawaharlal Nehru Stadium,,Cricket,https://en.wikipedia.org/wiki/List_of_cricket_grounds_by_capacity,,
Football Park,,Cricket,https://en.wikipedia.org/wiki/List_of_cricket_grounds_by_capacity,,
Bangabandhu National Stadium,,Cricket,https://en.wikipedia.org/wiki/List_of_cricket_grounds_by_capacity,,
Bramall Lane,,Cricket,https://en.wikipedia.org/wiki/List_of_cricket_grounds_by_capacity,,
Lancaster Park,,Cricket,https://en.wikipedia.org/wiki/List_of_cricket_grounds_by_capacity,,
Nassau County International Cricket Stadium,,Cricket,https://en.wikipedia.org/wiki/List_of_cricket_grounds_by_capacity,,
Lal Bahadur Shastri Stadium,,Cricket,https://en.wikipedia.org/wiki/List_of_cricket_grounds_by_capacity,,
Carisbrook,,Cricket,https://en.wikipedia.org/wiki/List_of_cricket_grounds_by_capacity,,
Old Wanderers,,Cricket,https://en.wikipedia.org/wiki/List_of_cricket_grounds_by_capacity,,
Brisbane Exhibition Ground,,Cricket,https://en.wikipedia.org/wiki/List_of_cricket_grounds_by_capacity,,
Nehru Stadium,,Cricket,https://en.wikipedia.org/wiki/List_of_cricket_grounds_by_capacity,,
Sheffield Park,,Cricket,https://en.wikipedia.org/wiki/List_of_cricket_grounds_by_capacity,,
Vidarbha Cricket Association Ground,,Cricket,https://en.wikipedia.org/wiki/List_of_cricket_grounds_by_capacity,,
Indira Priyadarshini Stadium,,Cricket,https://en.wikipedia.org/wiki/List_of_cricket_grounds_by_capacity,,
Queen Elizabeth II Park,,Cricket,https://en.wikipedia.org/wiki/List_of_cricket_grounds_by_capacity,,
Hyde Park Ground,,Cricket,https://en.wikipedia.org/wiki/List_of_cricket_grounds_by_capacity,,
Kinrara Academy Oval,,Cricket,https://en.wikipedia.org/wiki/List_of_cricket_grounds_by_capacity,,
The National Stadium,,Rugby,https://en.wikipedia.org/wiki/List_of_rugby_union_stadiums_by_capacity,,
Newlands Stadium,,Rugby,https://en.wikipedia.org/wiki/List_of_rugby_union_stadiums_by_capacity,,
Lansdowne Road,,Rugby,https://en.wikipedia.org/wiki/List_of_rugby_union_stadiums_by_capacity,,
PETCO Park,,Rugby,https://en.wikipedia.org/wiki/List_of_rugby_union_stadiums_by_capacity,,
Athletic Park,,Rugby,https://en.wikipedia.org/wiki/List_of_rugby_union_stadiums_by_capacity,,
Dignity Health Sports Park,,Rugby,https://en.wikipedia.org/wiki/List_of_rugby_union_stadiums_by_capacity,"Carson, California",USA
Cardiff City Stadium,,Rugby,https://en.wikipedia.org/wiki/List_of_rugby_union_stadiums_by_capacity,,
Vicarage Road,,Rugby,https://en.wikipedia.org/wiki/List_of_rugby_union_stadiums_by_capacity,,
Loftus Road,,Rugby,https://en.wikipedia.org/wiki/List_of_rugby_union_stadiums_by_capacity,,
Meadowbank Stadium,,Rugby,https://en.wikipedia.org/wiki/List_of_rugby_union_stadiums_by_capacity,,
Racecourse Ground,,Rugby,https://en.wikipedia.org/wiki/List_of_rugby_union_stadiums_by_capacity,,
Stade Jean-Bouin,,Rugby,https://en.wikipedia.org/wiki/List_of_rugby_union_stadiums_by_capacity,,
Edgeley Park,,Rugby,https://en.wikipedia.org/wiki/List_of_rugby_union_stadiums_by_capacity,,
Firhill,,Rugby,https://en.wikipedia.org/wiki/List_of_rugby_union_stadiums_by_capacity,,
DSC Multi-Purpose Stadium,,Rugby,https://en.wikipedia.org/wiki/List_of_rugby_union_stadiums_by_capacity,,
"One New Zealand Stadium- ""Te Kaha""",,Rugby,https://en.wikipedia.org/wiki/List_of_rugby_union_stadiums_by_capacity,,
Acer Arena,,Tennis,https://en.wikipedia.org/wiki/List_of_tennis_venues,,
Burnie Tennis Club,,Tennis,https://en.wikipedia.org/wiki/List_of_tennis_venues,,
Burswood Dome,,Tennis,https://en.wikipedia.org/wiki/List_of_tennis_venues,,
Cooper Park,,Tennis,https://en.wikipedia.org/wiki/List_of_tennis_venues,,
Elite Tennis International,,Tennis,https://en.wikipedia.org/wiki/List_of_tennis_venues,,
Hobart International Tennis Centre,,Tennis,https://en.wikipedia.org/wiki/List_of_tennis_venues,,
Hope Island Resort Tennis Centre,,Tennis,https://en.wikipedia.org/wiki/List_of_tennis_venues,,
Hordern Pavilion,,Tennis,https://en.wikipedia.org/wiki/List_of_tennis_venues,,
Kooyong Lawn Tennis Club,,Tennis,https://en.wikipedia.org/wiki/List_of_tennis_venues,,
Maccabi Tennis Club,,Tennis,https://en.wikipedia.org/wiki/List_of_tennis_venues,,
Memorial Drive Park,,Tennis,https://en.wikipedia.org/wiki/List_of_tennis_venues,,
Melbourne Park,,Tennis,https://en.wikipedia.org/wiki/List_of_tennis_venues,,
Milton Tennis Centre,,Tennis,https://en.wikipedia.org/wiki/List_of_tennis_venues,,
NSW Tennis Centre,,Tennis,https://en.wikipedia.org/wiki/List_of_tennis_venues,,
National Sports Club,,Tennis,https://en.wikipedia.org/wiki/List_of_tennis_venues,,
Perth Arena,,Tennis,https://en.wikipedia.org/wiki/List_of_tennis_venues,,
Queensland Tennis Centre,,Tennis,https://en.wikipedia.org/wiki/List_of_tennis_venues,,
Sydney Entertainment Centre,,Tennis,https://en.wikipedia.org/wiki/List_of_tennis_venues,,
Warehouseman's Cricket Club,,Tennis,https://en.wikipedia.org/wiki/List_of_tennis_venues,,
White City Tennis Club,,Tennis,https://en.wikipedia.org/wiki/List_of_tennis_venues,,
Campos do Jordão Tênis Clube de Turismo,,Tennis,https://en.wikipedia.org/wiki/List_of_tennis_venues,,
Centro Cultural e Recreativo Cristóvão Colombo,,Tennis,https://en.wikipedia.org/wiki/List_of_tennis_venues,,
Clube Atlético Monte Líbano,,Tennis,https://en.wikipedia.org/wiki/List_of_tennis_venues,,
Marapendi Club,,Tennis,https://en.wikipedia.org/wiki/List_of_tennis_venues,,
Olympic Tennis Centre,,Tennis,https://en.wikipedia.org/wiki/List_of_tennis_venues,,
Parque Villa Lobos,,Tennis,https://en.wikipedia.org/wiki/List_of_tennis_venues,,
Club de Tennis des Loisirs de Granby,,Tennis,https://en.wikipedia.org/wiki/List_of_tennis_venues,,
Hamilton Tennis Club,,Tennis,https://en.wikipedia.org/wiki/List_of_tennis_venues,,
Hollyburn Country Club,,Tennis,https://en.wikipedia.org/wiki/List_of_tennis_venues,,
Jericho Tennis Club,,Tennis,https://en.wikipedia.org/wiki/List_of_tennis_venues,,
Mount Treblant Beach and Tennis Club,,Tennis,https://en.wikipedia.org/wiki/List_of_tennis_venues,,
National Tennis Centre,,Tennis,https://en.wikipedia.org/wiki/List_of_tennis_venues,,
PEPS,,Tennis,https://en.wikipedia.org/wiki/List_of_tennis_venues,,
Rexall Centre,,Tennis,https://en.wikipedia.org/wiki/List_of_tennis_venues,,
Stade Uniprix,,Tennis,https://en.wikipedia.org/wiki/List_of_tennis_venues,,
Toronto Lawn Tennis Club,,Tennis,https://en.wikipedia.org/wiki/List_of_tennis_venues,,
Winnipeg Lawn Tennis Club,,Tennis,https://en.wikipedia.org/wiki/List_of_tennis_venues,,
Beijing International Tennis Center,,Tennis,https://en.wikipedia.org/wiki/List_of_tennis_venues,,
Beijing Tennis Center,,Tennis,https://en.wikipedia.org/wiki/List_of_tennis_venues,,
Guangdong Olympic Tennis Centre,,Tennis,https://en.wikipedia.org/wiki/List_of_tennis_venues,,
Guangzhou International Tennis Center,,Tennis,https://en.wikipedia.org/wiki/List_of_tennis_venues,,
Guangzhou Tianhe Sports Center,,Tennis,https://en.wikipedia.org/wiki/List_of_tennis_venues,,
"National Tennis Center, Beijing",,Tennis,https://en.wikipedia.org/wiki/List_of_tennis_venues,,
Qizhong Forest Sports City Arena,,Tennis,https://en.wikipedia.org/wiki/List_of_tennis_venues,,
Shanghai New International Expo Center,,Tennis,https://en.wikipedia.org/wiki/List_of_tennis_venues,,
Shanghai XianXia Tennis Center,,Tennis,https://en.wikipedia.org/wiki/List_of_tennis_venues,,
"Victoria Park, Hong Kong",,Tennis,https://en.wikipedia.org/wiki/List_of_tennis_venues,,
Optics Valley International Tennis Center,,Tennis,https://en.wikipedia.org/wiki/List_of_tennis_venues,,
Sichuan International Tennis Center,,Tennis,https://en.wikipedia.org/wiki/List_of_tennis_venues,,
Zhuhai Hengqin International Tennis Center,,Tennis,https://en.wikipedia.org/wiki/List_of_tennis_venues,,
Shenzhen Longgang Sports Center,,Tennis,https://en.wikipedia.org/wiki/List_of_tennis_venues,,
Tuanbo International Tennis Center,,Tennis,https://en.wikipedia.org/wiki/List_of_tennis_venues,,
Zhongyuan Tennis Training Base Management Center,,Tennis,https://en.wikipedia.org/wiki/List_of_tennis_venues,,
Cap Cana Racquet Village,,Tennis,https://en.wikipedia.org/wiki/List_of_tennis_venues,,
Centro Nacional de Tenis,,Tennis,https://en.wikipedia.org/wiki/List_of_tennis_venues,,
Oscar de la Renta Tennis Center,,Tennis,https://en.wikipedia.org/wiki/List_of_tennis_venues,,
Santo Domingo Tennis Club,,Tennis,https://en.wikipedia.org/wiki/List_of_tennis_venues,,
Aigburth Cricket Ground,,Tennis,https://en.wikipedia.org/wiki/List_of_tennis_venues,,
Bank of England Sports Ground,,Tennis,https://en.wikipedia.org/wiki/List_of_tennis_venues,,
Battersea Park,,Tennis,https://en.wikipedia.org/wiki/List_of_tennis_venues,,
Beckenham Cricket Club,,Tennis,https://en.wikipedia.org/wiki/List_of_tennis_venues,,
Calderstones Park,,Tennis,https://en.wikipedia.org/wiki/List_of_tennis_venues,,
Church Road,,Tennis,https://en.wikipedia.org/wiki/List_of_tennis_venues,,
Craiglockhart Lawn Tennis Club,,Tennis,https://en.wikipedia.org/wiki/List_of_tennis_venues,,
Craiglockhart Tennis Centre,,Tennis,https://en.wikipedia.org/wiki/List_of_tennis_venues,,
Craigside Hydro Badmington and Tennis Club,,Tennis,https://en.wikipedia.org/wiki/List_of_tennis_venues,,
Cumberland Lawn Tennis Club,,Tennis,https://en.wikipedia.org/wiki/List_of_tennis_venues,,
Devonshire Park Lawn Tennis Club,,Tennis,https://en.wikipedia.org/wiki/List_of_tennis_venues,,
Priory Lawn Tennis ClubEdgbaston Priory Club,,Tennis,https://en.wikipedia.org/wiki/List_of_tennis_venues,,
Esporta Riverside Chiswick,,Tennis,https://en.wikipedia.org/wiki/List_of_tennis_venues,,
Felixstowe Lawn Tennis Club,,Tennis,https://en.wikipedia.org/wiki/List_of_tennis_venues,,
Foxhills Lawn Tennis Club,,Tennis,https://en.wikipedia.org/wiki/List_of_tennis_venues,,
Fort Hill Tennis Club,,Tennis,https://en.wikipedia.org/wiki/List_of_tennis_venues,,
Frinton Lawn Tennis Club,,Tennis,https://en.wikipedia.org/wiki/List_of_tennis_venues,,
Gosling Tennis Centre,,Tennis,https://en.wikipedia.org/wiki/List_of_tennis_venues,,
Graves Tennis Centre,,Tennis,https://en.wikipedia.org/wiki/List_of_tennis_venues,,
Hyde Park Lawn Tennis Club,,Tennis,https://en.wikipedia.org/wiki/List_of_tennis_venues,,
Ilkley Lawn Tennis Club,,Tennis,https://en.wikipedia.org/wiki/List_of_tennis_venues,,
Les Ormes Indoor Tennis Centre,,Tennis,https://en.wikipedia.org/wiki/List_of_tennis_venues,,
London Arena,,Tennis,https://en.wikipedia.org/wiki/List_of_tennis_venues,,
O2 Arena,,Tennis,https://en.wikipedia.org/wiki/List_of_tennis_venues,,
NEC Arena,,Tennis,https://en.wikipedia.org/wiki/List_of_tennis_venues,,
Newport Athletic Club,,Tennis,https://en.wikipedia.org/wiki/List_of_tennis_venues,,
Northern Lawn Tennis Club,,Tennis,https://en.wikipedia.org/wiki/List_of_tennis_venues,,
Northumberland Club,,Tennis,https://en.wikipedia.org/wiki/List_of_tennis_venues,,
North Wales Regional Tennis Centre,,Tennis,https://en.wikipedia.org/wiki/List_of_tennis_venues,,
Nottingham Tennis Centre,,Tennis,https://en.wikipedia.org/wiki/List_of_tennis_venues,,
Olympia,,Tennis,https://en.wikipedia.org/wiki/List_of_tennis_venues,,
Queen's Club,,Tennis,https://en.wikipedia.org/wiki/List_of_tennis_venues,,
Penarth Lawn Tennis Club,,Tennis,https://en.wikipedia.org/wiki/List_of_tennis_venues,,
Prince's ClubNew Princes Club,,Tennis,https://en.wikipedia.org/wiki/List_of_tennis_venues,,
Royal Albert Hall,,Tennis,https://en.wikipedia.org/wiki/List_of_tennis_venues,,
Scotstoun Leisure Centre,,Tennis,https://en.wikipedia.org/wiki/List_of_tennis_venues,,
St Andrews Lawn Tennis Club,,Tennis,https://en.wikipedia.org/wiki/List_of_tennis_venues,,
Stoke Park Club,,Tennis,https://en.wikipedia.org/wiki/List_of_tennis_venues,,
Sunderland Tennis Centre,,Tennis,https://en.wikipedia.org/wiki/List_of_tennis_venues,,
Surbiton Racket & Fitness Club,,Tennis,https://en.wikipedia.org/wiki/List_of_tennis_venues,,
Sutton Tennis Academy,,Tennis,https://en.wikipedia.org/wiki/List_of_tennis_venues,,
Tarka Tennis Centre,,Tennis,https://en.wikipedia.org/wiki/List_of_tennis_venues,,
TeamBathUniversity of Bath,,Tennis,https://en.wikipedia.org/wiki/List_of_tennis_venues,,
Tipton Sports Academy,,Tennis,https://en.wikipedia.org/wiki/List_of_tennis_venues,,
Welsh National Tennis Centre,,Tennis,https://en.wikipedia.org/wiki/List_of_tennis_venues,,
Welti Tennis & Leisure,,Tennis,https://en.wikipedia.org/wiki/List_of_tennis_venues,,
Wembley Arena,,Tennis,https://en.wikipedia.org/wiki/List_of_tennis_venues,,
West Hants Tennis Club,,Tennis,https://en.wikipedia.org/wiki/List_of_tennis_venues,,
Worple Road,,Tennis,https://en.wikipedia.org/wiki/List_of_tennis_venues,,
Victoria Park,,Tennis,https://en.wikipedia.org/wiki/List_of_tennis_venues,,
Cricket Club of India,,Tennis,https://en.wikipedia.org/wiki/List_of_tennis_venues,,
KSLTA Signature Kingfisher Tennis Stadium,,Tennis,https://en.wikipedia.org/wiki/List_of_tennis_venues,,
Netaji Indoor Stadium,,Tennis,https://en.wikipedia.org/wiki/List_of_tennis_venues,,
R.K. Khanna Tennis Complex,,Tennis,https://en.wikipedia.org/wiki/List_of_tennis_venues,,
SAAP Tennis Complex,,Tennis,https://en.wikipedia.org/wiki/List_of_tennis_venues,,
SDAT Tennis Stadium,,Tennis,https://en.wikipedia.org/wiki/List_of_tennis_venues,,
Bukit Asam Tennis Stadium,,Tennis,https://en.wikipedia.org/wiki/List_of_tennis_venues,,
Gelora Bung Karno Tennis Indoor Stadium,,Tennis,https://en.wikipedia.org/wiki/List_of_tennis_venues,,
Gelora Bung Karno Tennis Outdoor Stadium,,Tennis,https://en.wikipedia.org/wiki/List_of_tennis_venues,,
Jayapura Mayor's Office Tennis Court,,Tennis,https://en.wikipedia.org/wiki/List_of_tennis_venues,,
Manahan Tennis Court,,Tennis,https://en.wikipedia.org/wiki/List_of_tennis_venues,,
Palaran Tennis Court,,Tennis,https://en.wikipedia.org/wiki/List_of_tennis_venues,,
PTPN V Tennis Court,,Tennis,https://en.wikipedia.org/wiki/List_of_tennis_venues,,
Siliwangi Tennis Court,,Tennis,https://en.wikipedia.org/wiki/List_of_tennis_venues,,
Maluku Park Tennis Court,,Tennis,https://en.wikipedia.org/wiki/List_of_tennis_venues,,
Klub Kelapa Gading Tennis Court,,Tennis,https://en.wikipedia.org/wiki/List_of_tennis_venues,,
Alphense Tennis Club,,Tennis,https://en.wikipedia.org/wiki/List_of_tennis_venues,,
Rotterdam Ahoy,,Tennis,https://en.wikipedia.org/wiki/List_of_tennis_venues,,
Autotron Rosmalen,,Tennis,https://en.wikipedia.org/wiki/List_of_tennis_venues,,
Sportlokaal de Bokkeduinen,,Tennis,https://en.wikipedia.org/wiki/List_of_tennis_venues,,
A.C. Nielson Tennis Center,,Tennis,https://en.wikipedia.org/wiki/List_of_tennis_venues,,
Amelia Island Plantation,,Tennis,https://en.wikipedia.org/wiki/List_of_tennis_venues,,
Ashland Tennis Center,,Tennis,https://en.wikipedia.org/wiki/List_of_tennis_venues,,
Atlanta Athletic Club,,Tennis,https://en.wikipedia.org/wiki/List_of_tennis_venues,,
Atkins Tennis Center,,Tennis,https://en.wikipedia.org/wiki/List_of_tennis_venues,,
Avondale Athletic Club,,Tennis,https://en.wikipedia.org/wiki/List_of_tennis_venues,,
Binghamton Tennis Center,,Tennis,https://en.wikipedia.org/wiki/List_of_tennis_venues,,
Boar's Head Sports Club,,Tennis,https://en.wikipedia.org/wiki/List_of_tennis_venues,,
Boca West Resort and Club,,Tennis,https://en.wikipedia.org/wiki/List_of_tennis_venues,,
Calabasas Tennis & Swim Center,,Tennis,https://en.wikipedia.org/wiki/List_of_tennis_venues,,
Cheval Athletic Club,,Tennis,https://en.wikipedia.org/wiki/List_of_tennis_venues,,
Cincinnati Convention Center,,Tennis,https://en.wikipedia.org/wiki/List_of_tennis_venues,,
Cincinnati Tennis Club,,Tennis,https://en.wikipedia.org/wiki/List_of_tennis_venues,,
Cleveland Skating Club,,Tennis,https://en.wikipedia.org/wiki/List_of_tennis_venues,,
Coney Island,,Tennis,https://en.wikipedia.org/wiki/List_of_tennis_venues,,
Cooper Tennis Complex,,Tennis,https://en.wikipedia.org/wiki/List_of_tennis_venues,,
Copeland-Cox Tennis Center,,Tennis,https://en.wikipedia.org/wiki/List_of_tennis_venues,,
CoreStates Center,,Tennis,https://en.wikipedia.org/wiki/List_of_tennis_venues,,
Crandon Park,,Tennis,https://en.wikipedia.org/wiki/List_of_tennis_venues,,
Crotona Park,,Tennis,https://en.wikipedia.org/wiki/List_of_tennis_venues,,
Cullman-Heyman Tennis Center,,Tennis,https://en.wikipedia.org/wiki/List_of_tennis_venues,,
Darling Tennis Center,,Tennis,https://en.wikipedia.org/wiki/List_of_tennis_venues,,
Delray Beach Tennis Center,,Tennis,https://en.wikipedia.org/wiki/List_of_tennis_venues,,
Home Depot Center,,Tennis,https://en.wikipedia.org/wiki/List_of_tennis_venues,,
Fairmont Scottsdale Princess Tennis Club,,Tennis,https://en.wikipedia.org/wiki/List_of_tennis_venues,,
Family Circle Tennis Center,,Tennis,https://en.wikipedia.org/wiki/List_of_tennis_venues,,
Flamingo Park,,Tennis,https://en.wikipedia.org/wiki/List_of_tennis_venues,,
Forestmeadows Tennis Complex,,Tennis,https://en.wikipedia.org/wiki/List_of_tennis_venues,,
Fort Walton Beach Tennis Center,,Tennis,https://en.wikipedia.org/wiki/List_of_tennis_venues,,
Francis Field,,Tennis,https://en.wikipedia.org/wiki/List_of_tennis_venues,,
Franklin Creek Tennis Center,,Tennis,https://en.wikipedia.org/wiki/List_of_tennis_venues,,
Frenchman's Creek Beach & Country Club,,Tennis,https://en.wikipedia.org/wiki/List_of_tennis_venues,,
Germantown Cricket Club,,Tennis,https://en.wikipedia.org/wiki/List_of_tennis_venues,,
Hamlet Golf and Country Club,,Tennis,https://en.wikipedia.org/wiki/List_of_tennis_venues,,
Hilary J. Boone Tennis Complex,,Tennis,https://en.wikipedia.org/wiki/List_of_tennis_venues,,
Hilton DFW Lakes,,Tennis,https://en.wikipedia.org/wiki/List_of_tennis_venues,,
Hurd Tennis Center,,Tennis,https://en.wikipedia.org/wiki/List_of_tennis_venues,,
Indianapolis Tennis Center,,Tennis,https://en.wikipedia.org/wiki/List_of_tennis_venues,,
Indian Wells Tennis Garden,,Tennis,https://en.wikipedia.org/wiki/List_of_tennis_venues,,
Kingsmill Tennis Club,,Tennis,https://en.wikipedia.org/wiki/List_of_tennis_venues,,
Kiwi Tennis Club,,Tennis,https://en.wikipedia.org/wiki/List_of_tennis_venues,,
Kohala Tennis Garden,,Tennis,https://en.wikipedia.org/wiki/List_of_tennis_venues,,
Lamar Tennis Center,,Tennis,https://en.wikipedia.org/wiki/List_of_tennis_venues,,
Laguna Niguel Racquet Club,,Tennis,https://en.wikipedia.org/wiki/List_of_tennis_venues,,
Laver's International Tennis Resort,,Tennis,https://en.wikipedia.org/wiki/List_of_tennis_venues,,
Lindner Family Tennis Center,,Tennis,https://en.wikipedia.org/wiki/List_of_tennis_venues,,
Longwood Cricket Club,,Tennis,https://en.wikipedia.org/wiki/List_of_tennis_venues,,
Los Angeles Tennis Center,,Tennis,https://en.wikipedia.org/wiki/List_of_tennis_venues,,
Louisville Tennis Club,,Tennis,https://en.wikipedia.org/wiki/List_of_tennis_venues,,
Lunsford Tennis Complex,,Tennis,https://en.wikipedia.org/wiki/List_of_tennis_venues,,
Maryland Farms Racquet Club,,Tennis,https://en.wikipedia.org/wiki/List_of_tennis_venues,,
McLeod Tennis Center,,Tennis,https://en.wikipedia.org/wiki/List_of_tennis_venues,,
Midland Community Tennis Center,,Tennis,https://en.wikipedia.org/wiki/List_of_tennis_venues,,
Mission Hills Country Club,,Tennis,https://en.wikipedia.org/wiki/List_of_tennis_venues,,
"International Tennis Hall of Fame,Newport Casino",,Tennis,https://en.wikipedia.org/wiki/List_of_tennis_venues,,
North Hills Racquet Club,,Tennis,https://en.wikipedia.org/wiki/List_of_tennis_venues,,
Ojai Valley Athletic Club,,Tennis,https://en.wikipedia.org/wiki/List_of_tennis_venues,,
Oak Knoll Country Club,,Tennis,https://en.wikipedia.org/wiki/List_of_tennis_venues,,
Palmetto Tennis Center,,Tennis,https://en.wikipedia.org/wiki/List_of_tennis_venues,,
Patsy T. Mink Central Oahu Regional Park Tennis Complex,,Tennis,https://en.wikipedia.org/wiki/List_of_tennis_venues,,
Pelham Racquet Club,,Tennis,https://en.wikipedia.org/wiki/List_of_tennis_venues,,
Philadelphia Convention Hall and Civic Center,,Tennis,https://en.wikipedia.org/wiki/List_of_tennis_venues,,
Philadelphia Cricket Club,,Tennis,https://en.wikipedia.org/wiki/List_of_tennis_venues,,
Pleasant Valley Country Club,,Tennis,https://en.wikipedia.org/wiki/List_of_tennis_venues,,
Philadelphia Spectrum,,Tennis,https://en.wikipedia.org/wiki/List_of_tennis_venues,,
Racquet Club of Memphis,,Tennis,https://en.wikipedia.org/wiki/List_of_tennis_venues,,
Racquet Club of Palm Springs,,Tennis,https://en.wikipedia.org/wiki/List_of_tennis_venues,,
Red Rock Country Club,,Tennis,https://en.wikipedia.org/wiki/List_of_tennis_venues,,
River Oaks Country Club,,Tennis,https://en.wikipedia.org/wiki/List_of_tennis_venues,,
River Forest Tennis Club,,Tennis,https://en.wikipedia.org/wiki/List_of_tennis_venues,,
Sawgrass Country Club,,Tennis,https://en.wikipedia.org/wiki/List_of_tennis_venues,,
Sea Pines Racquet Club,,Tennis,https://en.wikipedia.org/wiki/List_of_tennis_venues,,
Sportsmen's Tennis Club,,Tennis,https://en.wikipedia.org/wiki/List_of_tennis_venues,,
Stone Mountain Tennis Center,,Tennis,https://en.wikipedia.org/wiki/List_of_tennis_venues,,
Sunrise Tennis Club,,Tennis,https://en.wikipedia.org/wiki/List_of_tennis_venues,,
Surprise Tennis and Racquet Complex,,Tennis,https://en.wikipedia.org/wiki/List_of_tennis_venues,,
Sutter Lawn Tennis Club,,Tennis,https://en.wikipedia.org/wiki/List_of_tennis_venues,,
Tanoan Country Club,,Tennis,https://en.wikipedia.org/wiki/List_of_tennis_venues,,
Taube Tennis Center,,Tennis,https://en.wikipedia.org/wiki/List_of_tennis_venues,,
Tennis Gardens at Longboat Key and Resort,,Tennis,https://en.wikipedia.org/wiki/List_of_tennis_venues,,
Tennis West Sports & Racquet Club,,Tennis,https://en.wikipedia.org/wiki/List_of_tennis_venues,,
TBarM Racquet Club,,Tennis,https://en.wikipedia.org/wiki/List_of_tennis_venues,,
Tudor City Tennis Club,,Tennis,https://en.wikipedia.org/wiki/List_of_tennis_venues,,
UCI Pavilion,,Tennis,https://en.wikipedia.org/wiki/List_of_tennis_venues,,
USTA Billie Jean King National Tennis Center,,Tennis,https://en.wikipedia.org/wiki/List_of_tennis_venues,,
Van Der Meer Tennis Center,,Tennis,https://en.wikipedia.org/wiki/List_of_tennis_venues,,
Wesselman Park Tennis Center,,Tennis,https://en.wikipedia.org/wiki/List_of_tennis_venues,,
Westgate Tennis Center,,Tennis,https://en.wikipedia.org/wiki/List_of_tennis_venues,,
Westside Tennis Club,,Tennis,https://en.wikipedia.org/wiki/List_of_tennis_venues,,
West Side Tennis Club,,Tennis,https://en.wikipedia.org/wiki/List_of_tennis_venues,,
William H.G. FitzGerald Tennis Center,,Tennis,https://en.wikipedia.org/wiki/List_of_tennis_venues,,
Yuba City Racquet & Health Club,,Tennis,https://en.wikipedia.org/wiki/List_of_tennis_venues,,
Adelaide Street Circuit,,Formula1,https://en.wikipedia.org/wiki/List_of_Formula_One_circuits,,
Ain-Diab Circuit,,Formula1,https://en.wikipedia.org/wiki/List_of_Formula_One_circuits,,
Aintree Motor Racing Circuit,,Formula1,https://en.wikipedia.org/wiki/List_of_Formula_One_circuits,,
Albert Park Circuit*,,Formula1,https://en.wikipedia.org/wiki/List_of_Formula_One_circuits,,
Algarve International Circuit†,,Formula1,https://en.wikipedia.org/wiki/List_of_Formula_One_circuits,,
Autódromo do Estoril,,Formula1,https://en.wikipedia.org/wiki/List_of_Formula_One_circuits,,
Autódromo Hermanos Rodríguez*,,Formula1,https://en.wikipedia.org/wiki/List_of_Formula_One_circuits,,
Autódromo Internacional Nelson Piquet,,Formula1,https://en.wikipedia.org/wiki/List_of_Formula_One_circuits,,
Autodromo Internazionale del Mugello,,Formula1,https://en.wikipedia.org/wiki/List_of_Formula_One_circuits,,
Autodromo Internazionale Enzo e Dino Ferrari,,Formula1,https://en.wikipedia.org/wiki/List_of_Formula_One_circuits,,
Autodromo José Carlos Pace*,,Formula1,https://en.wikipedia.org/wiki/List_of_Formula_One_circuits,,
Autodromo Nazionale di Monza*,,Formula1,https://en.wikipedia.org/wiki/List_of_Formula_One_circuits,,
Autódromo Oscar y Juan Gálvez,,Formula1,https://en.wikipedia.org/wiki/List_of_Formula_One_circuits,,
AVUS,,Formula1,https://en.wikipedia.org/wiki/List_of_Formula_One_circuits,,
Bahrain International Circuit†,,Formula1,https://en.wikipedia.org/wiki/List_of_Formula_One_circuits,,
Baku City Circuit*,,Formula1,https://en.wikipedia.org/wiki/List_of_Formula_One_circuits,,
Brands Hatch Circuit,,Formula1,https://en.wikipedia.org/wiki/List_of_Formula_One_circuits,,
Buddh International Circuit,,Formula1,https://en.wikipedia.org/wiki/List_of_Formula_One_circuits,,
Bugatti Circuit,,Formula1,https://en.wikipedia.org/wiki/List_of_Formula_One_circuits,,
Caesars Palace Grand Prix Circuit,,Formula1,https://en.wikipedia.org/wiki/List_of_Formula_One_circuits,,
Circuit Bremgarten,,Formula1,https://en.wikipedia.org/wiki/List_of_Formula_One_circuits,,
Circuit de Barcelona-Catalunya*,,Formula1,https://en.wikipedia.org/wiki/List_of_Formula_One_circuits,,
Circuit de Charade,,Formula1,https://en.wikipedia.org/wiki/List_of_Formula_One_circuits,,
Circuit de Monaco*,,Formula1,https://en.wikipedia.org/wiki/List_of_Formula_One_circuits,,
Circuit de Nevers Magny-Cours,,Formula1,https://en.wikipedia.org/wiki/List_of_Formula_One_circuits,,
Circuit de Pedralbes,,Formula1,https://en.wikipedia.org/wiki/List_of_Formula_One_circuits,,
Circuit de Reims-Gueux,,Formula1,https://en.wikipedia.org/wiki/List_of_Formula_One_circuits,,
Circuit de Spa-Francorchamps*,,Formula1,https://en.wikipedia.org/wiki/List_of_Formula_One_circuits,,
Circuit Dijon-Prenois,,Formula1,https://en.wikipedia.org/wiki/List_of_Formula_One_circuits,,
Circuit Gilles Villeneuve*,,Formula1,https://en.wikipedia.org/wiki/List_of_Formula_One_circuits,,
Circuit Mont-Tremblant,,Formula1,https://en.wikipedia.org/wiki/List_of_Formula_One_circuits,,
Circuit of the Americas*,,Formula1,https://en.wikipedia.org/wiki/List_of_Formula_One_circuits,,
Circuit Paul Ricard,,Formula1,https://en.wikipedia.org/wiki/List_of_Formula_One_circuits,,
Circuit Zandvoort*,,Formula1,https://en.wikipedia.org/wiki/List_of_Formula_One_circuits,,
Circuit Zolder,,Formula1,https://en.wikipedia.org/wiki/List_of_Formula_One_circuits,,
Circuito da Boavista,,Formula1,https://en.wikipedia.org/wiki/List_of_Formula_One_circuits,,
Circuito de Monsanto,,Formula1,https://en.wikipedia.org/wiki/List_of_Formula_One_circuits,,
Circuito Permanente de Jerez,,Formula1,https://en.wikipedia.org/wiki/List_of_Formula_One_circuits,,
Circuito Permanente del Jarama,,Formula1,https://en.wikipedia.org/wiki/List_of_Formula_One_circuits,,
Dallas Fair Park,,Formula1,https://en.wikipedia.org/wiki/List_of_Formula_One_circuits,,
Detroit Street Circuit,,Formula1,https://en.wikipedia.org/wiki/List_of_Formula_One_circuits,,
Donington Park,,Formula1,https://en.wikipedia.org/wiki/List_of_Formula_One_circuits,,
Fuji Speedway,,Formula1,https://en.wikipedia.org/wiki/List_of_Formula_One_circuits,,
Hockenheimring,,Formula1,https://en.wikipedia.org/wiki/List_of_Formula_One_circuits,,
Hungaroring*,,Formula1,https://en.wikipedia.org/wiki/List_of_Formula_One_circuits,,
Indianapolis Motor Speedway,,Formula1,https://en.wikipedia.org/wiki/List_of_Formula_One_circuits,,
Intercity Istanbul Park,,Formula1,https://en.wikipedia.org/wiki/List_of_Formula_One_circuits,,
Jeddah Corniche Circuit†,,Formula1,https://en.wikipedia.org/wiki/List_of_Formula_One_circuits,,
Korea International Circuit,,Formula1,https://en.wikipedia.org/wiki/List_of_Formula_One_circuits,,
Kyalami Grand Prix Circuit,,Formula1,https://en.wikipedia.org/wiki/List_of_Formula_One_circuits,,
Las Vegas Strip Circuit*,,Formula1,https://en.wikipedia.org/wiki/List_of_Formula_One_circuits,,
Long Beach Street Circuit,,Formula1,https://en.wikipedia.org/wiki/List_of_Formula_One_circuits,,
Lusail International Circuit*,,Formula1,https://en.wikipedia.org/wiki/List_of_Formula_One_circuits,,
Madring*,,Formula1,https://en.wikipedia.org/wiki/List_of_Formula_One_circuits,,
Marina Bay Street Circuit*,,Formula1,https://en.wikipedia.org/wiki/List_of_Formula_One_circuits,,
Miami International Autodrome*,,Formula1,https://en.wikipedia.org/wiki/List_of_Formula_One_circuits,,
Montjuïc Circuit,,Formula1,https://en.wikipedia.org/wiki/List_of_Formula_One_circuits,,
Mosport Park,,Formula1,https://en.wikipedia.org/wiki/List_of_Formula_One_circuits,,
Nivelles-Baulers,,Formula1,https://en.wikipedia.org/wiki/List_of_Formula_One_circuits,,
Nürburgring,,Formula1,https://en.wikipedia.org/wiki/List_of_Formula_One_circuits,,
Pescara Circuit,,Formula1,https://en.wikipedia.org/wiki/List_of_Formula_One_circuits,,
Phoenix Street Circuit,,Formula1,https://en.wikipedia.org/wiki/List_of_Formula_One_circuits,,
Prince George Circuit,,Formula1,https://en.wikipedia.org/wiki/List_of_Formula_One_circuits,,
Red Bull Ring*,,Formula1,https://en.wikipedia.org/wiki/List_of_Formula_One_circuits,,
Riverside International Raceway,,Formula1,https://en.wikipedia.org/wiki/List_of_Formula_One_circuits,,
Rouen-Les-Essarts,,Formula1,https://en.wikipedia.org/wiki/List_of_Formula_One_circuits,,
Scandinavian Raceway,,Formula1,https://en.wikipedia.org/wiki/List_of_Formula_One_circuits,,
Sebring Raceway,,Formula1,https://en.wikipedia.org/wiki/List_of_Formula_One_circuits,,
Sepang International Circuit,,Formula1,https://en.wikipedia.org/wiki/List_of_Formula_One_circuits,,
Shanghai International Circuit*,,Formula1,https://en.wikipedia.org/wiki/List_of_Formula_One_circuits,,
Silverstone Circuit*,,Formula1,https://en.wikipedia.org/wiki/List_of_Formula_One_circuits,,
Sochi Autodrom,,Formula1,https://en.wikipedia.org/wiki/List_of_Formula_One_circuits,,
Suzuka International Racing Course*,,Formula1,https://en.wikipedia.org/wiki/List_of_Formula_One_circuits,,
TI Circuit Aida,,Formula1,https://en.wikipedia.org/wiki/List_of_Formula_One_circuits,,
Valencia Street Circuit,,Formula1,https://en.wikipedia.org/wiki/List_of_Formula_One_circuits,,
Watkins Glen International,,Formula1,https://en.wikipedia.org/wiki/List_of_Formula_One_circuits,,
Yas Marina Circuit*,,Formula1,https://en.wikipedia.org/wiki/List_of_Formula_One_circuits,,
Zeltweg Airfield,,Formula1,https://en.wikipedia.org/wiki/List_of_Formula_One_circuits,,
